Fractal_Dimension,1.93954587349978
Coefficients,-1.93954587349978
,13.973195367038917
Size,Box_Count
20,2954
19,3371
18,3841
17,4458
16,5163
15,6057
14,7182
13,8577
12,10328
11,12525
10,15371
9,18898
8,23521
7,29854
6,38833
5,52246
4,75742
3,124600
2,263297
