Fractal_Dimension,1.69838680362493
Coefficients,-1.69838680362493
,13.312296420071215
Size,Box_Count
20,3338
19,3802
18,4302
17,4807
16,5512
15,6223
14,7077
13,8068
12,9456
11,10858
10,12674
9,15163
8,18192
7,22570
6,28794
5,38269
4,54794
3,89014
2,186661
