Fractal_Dimension,1.94169038746607
Coefficients,-1.94169038746607
,12.730590794117614
Size,Box_Count
20,874
19,983
18,1086
17,1284
16,1486
15,1717
14,2009
13,2384
12,2862
11,3540
10,4311
9,5427
8,6854
7,8826
6,11669
5,15782
4,22522
3,35970
2,71076
