Fractal_Dimension,2.00780949211271
Coefficients,-2.00780949211271
,13.697754686084286
Size,Box_Count
20,1815
19,2077
18,2385
17,2742
16,3174
15,3732
14,4422
13,5376
12,6517
11,8103
10,10003
9,12623
8,16169
7,20919
6,27627
5,37417
4,53707
3,85918
2,173487
