Fractal_Dimension,2.15797111042724
Coefficients,-2.15797111042724
,13.768458680124306
Size,Box_Count
256,6
128,24
64,122
32,575
16,2829
8,11211
4,43621
2,201863
