Fractal_Dimension,2.10954097586133
Coefficients,-2.10954097586133
,13.601442022127712
Size,Box_Count
256,8
128,26
64,115
32,501
16,2465
8,10049
4,41397
2,202059
