Fractal_Dimension,2.23367909006396
Coefficients,-2.23367909006396
,14.38431537954487
Size,Box_Count
256,7
128,32
64,160
32,839
16,4397
8,17803
4,72473
2,344918
