Fractal_Dimension,2.15863053570115
Coefficients,-2.15863053570115
,13.788662351374779
Size,Box_Count
256,6
128,25
64,128
32,588
16,2771
8,10973
4,44483
2,213616
