Fractal_Dimension,2.25817076914607
Coefficients,-2.25817076914607
,14.185330572803732
Size,Box_Count
256,6
128,24
64,114
32,526
16,2788
8,13553
4,62777
2,317342
