Fractal_Dimension,2.12332958008762
Coefficients,-2.12332958008762
,13.808076982264351
Size,Box_Count
256,8
128,30
64,136
32,667
16,3248
8,12066
4,47846
2,225206
