Fractal_Dimension,1.97793328949655
Coefficients,-1.97793328949655
,12.501987830846971
Size,Box_Count
256,5
128,16
64,73
32,298
16,1194
8,4147
4,15837
2,73501
