Fractal_Dimension,2.23144491365142
Coefficients,-2.23144491365142
,14.369593864473106
Size,Box_Count
256,8
128,31
64,153
32,739
16,4027
8,18373
4,75110
2,354886
