Fractal_Dimension,2.26543622951143
Coefficients,-2.26543622951143
,14.210730907640423
Size,Box_Count
256,6
128,23
64,113
32,531
16,2859
8,13847
4,63304
2,320162
