Fractal_Dimension,2.21634962233346
Coefficients,-2.21634962233346
,13.86023329814763
Size,Box_Count
256,4
128,23
64,114
32,531
16,2556
8,10311
4,43384
2,215103
