Fractal_Dimension,2.13179947061191
Coefficients,-2.13179947061191
,13.659067275947926
Size,Box_Count
128,24
64,124
32,575
16,2649
8,10382
4,40735
2,187575
