Fractal_Dimension,2.2638710155374
Coefficients,-2.2638710155374
,14.092999510698265
Size,Box_Count
128,18
64,108
32,571
16,3139
8,13569
4,52815
2,231392
