Fractal_Dimension,2.40262438510727
Coefficients,-2.40262438510727
,14.89799014439036
Size,Box_Count
20,2084
19,2368
18,2731
17,3164
16,3691
15,4356
14,5206
13,6270
12,7696
11,9615
10,12247
9,15909
8,21247
7,29221
6,41882
5,63410
4,104734
3,200255
2,512454
