Fractal_Dimension,2.35177595033117
Coefficients,-2.35177595033117
,15.317966321268731
Size,Box_Count
20,3584
19,4094
18,4717
17,5475
16,6405
15,7583
14,9084
13,11013
12,13535
11,16865
10,21447
9,27726
8,36756
7,50035
6,70588
5,105046
4,169588
3,316205
2,786552
