Fractal_Dimension,2.40808486886256
Coefficients,-2.40808486886256
,15.234131078914356
Size,Box_Count
20,2816
19,3205
18,3693
17,4278
16,5021
15,5952
14,7141
13,8694
12,10702
11,13476
10,17237
9,22570
8,30204
7,41641
6,59476
5,89413
4,145480
3,272986
2,683487
