Fractal_Dimension,2.33088537591625
Coefficients,-2.33088537591625
,14.843987450548454
Size,Box_Count
20,2409
19,2743
18,3139
17,3630
16,4246
15,5020
14,5979
13,7214
12,8834
11,10967
10,13875
9,17877
8,23625
7,32055
6,45155
5,67122
4,108492
3,202928
2,508190
