Fractal_Dimension,2.3720574410617
Coefficients,-2.3720574410617
,14.74165310307936
Size,Box_Count
20,1939
19,2209
18,2542
17,2935
16,3439
15,4051
14,4829
13,5835
12,7143
11,8894
10,11296
9,14629
8,19386
7,26562
6,37748
5,56827
4,92898
3,176293
2,448956
