Fractal_Dimension,2.39291473661036
Coefficients,-2.39291473661036
,14.702367526602435
Size,Box_Count
20,1751
19,1993
18,2289
17,2652
16,3090
15,3641
14,4354
13,5262
12,6471
11,8103
10,10343
9,13520
8,18114
7,25070
6,35974
5,54339
4,88476
3,164587
2,405130
