Fractal_Dimension,2.25683959967566
Coefficients,-2.25683959967566
,14.627484106245818
Size,Box_Count
20,2384
19,2712
18,3118
17,3619
16,4218
15,4983
14,5919
13,7109
12,8655
11,10686
10,13322
9,17037
8,22144
7,29515
6,40867
5,59693
4,95154
3,176778
2,441909
