Fractal_Dimension,2.39974924313648
Coefficients,-2.39974924313648
,14.593742617450504
Size,Box_Count
20,1556
19,1765
18,2011
17,2340
16,2728
15,3229
14,3841
13,4652
12,5710
11,7156
10,9095
9,11837
8,15883
7,21951
6,31438
5,47628
4,77987
3,147468
2,371034
