Fractal_Dimension,2.43491541715199
Coefficients,-2.43491541715199
,14.757393129094277
Size,Box_Count
20,1665
19,1894
18,2172
17,2519
16,2917
15,3456
14,4122
13,4998
12,6147
11,7686
10,9802
9,12796
8,17169
7,23799
6,34397
5,52505
4,87400
3,168784
2,435972
