Fractal_Dimension,2.4482558435471
Coefficients,-2.4482558435471
,15.069553683085706
Size,Box_Count
20,2153
19,2454
18,2826
17,3262
16,3828
15,4544
14,5444
13,6598
12,8152
11,10227
10,13147
9,17230
8,23247
7,32241
6,46700
5,71134
4,117651
3,224264
2,571419
