Fractal_Dimension,2.37334796968316
Coefficients,-2.37334796968316
,14.523316023978031
Size,Box_Count
20,1564
19,1776
18,2043
17,2339
16,2744
15,3242
14,3851
13,4650
12,5716
11,7093
10,9005
9,11719
8,15597
7,21323
6,30476
5,45918
4,75101
3,141767
2,356700
