Fractal_Dimension,2.29901703121927
Coefficients,-2.29901703121927
,14.718785739500644
Size,Box_Count
20,2263
19,2572
18,2966
17,3441
16,4011
15,4741
14,5683
13,6899
12,8497
11,10652
10,13550
9,17550
8,23266
7,31534
6,44095
5,64498
4,100919
3,180593
2,420849
