Fractal_Dimension,2.23858623414084
Coefficients,-2.23858623414084
,14.066097206525539
Size,Box_Count
256,6
128,24
64,105
32,479
16,2557
8,13743
4,60272
2,266118
