Fractal_Dimension,2.33739230101053
Coefficients,-2.33739230101053
,14.426489989175735
Size,Box_Count
128,20
64,109
32,550
16,3111
8,17264
4,72190
2,308015
