Fractal_Dimension,2.31099902102137
Coefficients,-2.31099902102137
,14.18626847686893
Size,Box_Count
128,18
64,97
32,476
16,2532
8,14096
4,60355
2,248406
