Fractal_Dimension,2.33169836896488
Coefficients,-2.33169836896488
,14.874543733851613
Size,Box_Count
256,8
128,29
64,163
32,850
16,4964
8,28887
4,118440
2,471552
