Fractal_Dimension,2.31876323908339
Coefficients,-2.31876323908339
,15.136768487343957
Size,Box_Count
256,10
128,48
64,220
32,1135
16,6708
8,36397
4,150821
2,656323
