Fractal_Dimension,2.32590064639988
Coefficients,-2.32590064639988
,14.935832401814695
Size,Box_Count
256,8
128,37
64,179
32,883
16,5177
8,30348
4,128849
2,512898
