Fractal_Dimension,2.3916083880331
Coefficients,-2.3916083880331
,14.68707221972728
Size,Box_Count
256,4
128,18
64,121
32,652
16,3594
8,20543
4,86789
2,353991
