Fractal_Dimension,2.3347962957098
Coefficients,-2.3347962957098
,14.991853233652646
Size,Box_Count
256,8
128,36
64,181
32,979
16,5687
8,29860
4,126204
2,556877
