Fractal_Dimension,2.36192248631534
Coefficients,-2.36192248631534
,14.508525015953023
Size,Box_Count
128,18
64,117
32,563
16,3063
8,17180
4,76607
2,330472
