Fractal_Dimension,2.57992113902809
Coefficients,-2.57992113902809
,15.439934990709968
Size,Box_Count
20,2227
19,2523
18,2909
17,3380
16,3935
15,4650
14,5555
13,6767
12,8343
11,10480
10,13440
9,17715
8,24166
7,34187
6,50934
5,81008
4,142428
3,294050
2,825132
