Fractal_Dimension,2.34925593079941
Coefficients,-2.34925593079941
,14.63929632590723
Size,Box_Count
20,1907
19,2142
18,2464
17,2886
16,3323
15,3952
14,4653
13,5633
12,6869
11,8460
10,10682
9,13688
8,17958
7,24205
6,34190
5,51451
4,85172
3,165530
2,438552
