Fractal_Dimension,2.54109549616903
Coefficients,-2.54109549616903
,15.579590529616768
Size,Box_Count
20,2820
19,3193
18,3685
17,4249
16,5057
15,5895
14,7118
13,8692
12,10681
11,13430
10,17284
9,22633
8,30657
7,42915
6,63126
5,98953
4,171157
3,346691
2,962412
