Fractal_Dimension,2.51273628872453
Coefficients,-2.51273628872453
,15.270649232244123
Size,Box_Count
20,2244
19,2557
18,2922
17,3392
16,3967
15,4681
14,5629
13,6774
12,8379
11,10523
10,13542
9,17717
8,24039
7,33789
6,49511
5,77238
4,132119
3,262456
2,700027
