Fractal_Dimension,2.38606164574629
Coefficients,-2.38606164574629
,14.602666694678517
Size,Box_Count
20,1677
19,1912
18,2214
17,2538
16,2985
15,3453
14,4087
13,4950
12,5960
11,7341
10,9123
9,11651
8,15387
7,21002
6,30101
5,46279
4,78584
3,157498
2,433047
