Fractal_Dimension,2.58812164098126
Coefficients,-2.58812164098126
,15.449102173967661
Size,Box_Count
20,2202
19,2495
18,2876
17,3315
16,3888
15,4592
14,5484
13,6623
12,8196
11,10327
10,13283
9,17483
8,24002
7,34075
6,50945
5,81528
4,143577
3,294823
2,816475
