Fractal_Dimension,2.33147747219627
Coefficients,-2.33147747219627
,14.883596016030829
Size,Box_Count
20,2560
19,2920
18,3368
17,3853
16,4504
15,5272
14,6309
13,7482
12,9229
11,11207
10,14121
9,17968
8,23484
7,31666
6,44533
5,66903
4,111309
3,217284
2,578319
