Fractal_Dimension,2.60198812504303
Coefficients,-2.60198812504303
,15.701933265507378
Size,Box_Count
20,2680
19,3052
18,3506
17,4090
16,4787
15,5678
14,6794
13,8308
12,10256
11,12937
10,16683
9,22176
8,30373
7,43205
6,64747
5,103444
4,181705
3,371036
2,1015511
