Fractal_Dimension,2.56412650894313
Coefficients,-2.56412650894313
,15.762453481493068
Size,Box_Count
20,3152
19,3580
18,4127
17,4820
16,5638
15,6672
14,8034
13,9726
12,12066
11,15185
10,19574
9,25906
8,35275
7,49700
6,73706
5,116125
4,200995
3,406169
2,1110287
