Fractal_Dimension,2.3609826365343
Coefficients,-2.3609826365343
,14.788639290339171
Size,Box_Count
20,2180
19,2452
18,2790
17,3235
16,3780
15,4443
14,5275
13,6352
12,7715
11,9566
10,11836
9,15165
8,19909
7,26937
6,38233
5,58011
4,97164
3,192584
2,521435
