Fractal_Dimension,2.57731298251954
Coefficients,-2.57731298251954
,15.53025477607319
Size,Box_Count
20,2454
19,2792
18,3225
17,3709
16,4316
15,5128
14,6152
13,7415
12,9136
11,11570
10,14798
9,19553
8,26659
7,37641
6,56105
5,89093
4,156504
3,322874
2,902463
