Fractal_Dimension,2.45843537416966
Coefficients,-2.45843537416966
,16.056076168953297
Size,Box_Count
20,5596
19,6385
18,7362
17,8553
16,10078
15,11982
14,14376
13,17453
12,21524
11,27022
10,34353
9,44841
8,59920
7,82745
6,119417
5,182838
4,307246
3,601521
2,1585305
