Fractal_Dimension,2.4705755586638
Coefficients,-2.4705755586638
,15.123396845045527
Size,Box_Count
20,2223
19,2504
18,2890
17,3331
16,3915
15,4625
14,5472
13,6633
12,8119
11,10063
10,12767
9,16470
8,22008
7,30374
6,43981
5,68429
4,118220
3,240524
2,673973
