Fractal_Dimension,2.15258842006278
Coefficients,-2.15258842006278
,13.574820181099636
Size,Box_Count
20,1287
19,1399
18,1579
17,1789
16,2023
15,2368
14,2730
13,3169
12,3753
11,4508
10,5480
9,6772
8,8659
7,11490
6,15808
5,23428
4,38289
3,74237
2,196950
