Fractal_Dimension,2.36543805913744
Coefficients,-2.36543805913744
,15.13843161701009
Size,Box_Count
20,3008
19,3424
18,3911
17,4553
16,5287
15,6226
14,7432
13,8955
12,10858
11,13391
10,16732
9,21414
8,27936
7,37993
6,53724
5,81610
4,136603
3,271079
2,737631
