Fractal_Dimension,2.41834479864697
Coefficients,-2.41834479864697
,15.256839812022696
Size,Box_Count
20,2882
19,3277
18,3782
17,4406
16,5142
15,6063
14,7260
13,8737
12,10689
11,13226
10,16730
9,21572
8,28353
7,38708
6,55712
5,85118
4,144071
3,287705
2,784469
