Fractal_Dimension,2.18150226232432
Coefficients,-2.18150226232432
,14.421395116385922
Size,Box_Count
20,2617
19,2975
18,3370
17,3878
16,4395
15,5125
14,5880
13,6920
12,8221
11,9924
10,12079
9,15056
8,19200
7,25304
6,35076
5,52034
4,85440
3,166425
2,445100
