Fractal_Dimension,2.42685747387916
Coefficients,-2.42685747387916
,14.944196363037793
Size,Box_Count
20,2108
19,2382
18,2774
17,3148
16,3689
15,4349
14,5144
13,6191
12,7569
11,9332
10,11805
9,15239
8,20125
7,27578
6,39639
5,61096
4,104328
3,210819
2,585950
