Fractal_Dimension,2.37179775583217
Coefficients,-2.37179775583217
,15.008101402617513
Size,Box_Count
20,2601
19,2951
18,3411
17,3893
16,4554
15,5371
14,6365
13,7627
12,9381
11,11479
10,14535
9,18552
8,24393
7,33003
6,47112
5,71231
4,119407
3,236343
2,637648
