Fractal_Dimension,2.35331460626781
Coefficients,-2.35331460626781
,14.703807358748902
Size,Box_Count
20,2014
19,2305
18,2644
17,3049
16,3528
15,4151
14,4947
13,5924
12,7285
11,8979
10,11119
9,14201
8,18615
7,25131
6,35601
5,54097
4,90455
3,178249
2,478115
