Fractal_Dimension,2.3291407689024
Coefficients,-2.3291407689024
,14.671625798327181
Size,Box_Count
20,2155
19,2438
18,2787
17,3219
16,3702
15,4306
14,5158
13,6127
12,7328
11,9037
10,11197
9,14179
8,18484
7,24965
6,35168
5,53474
4,90146
3,179816
2,495354
