Fractal_Dimension,2.39862999111647
Coefficients,-2.39862999111647
,15.062825197177057
Size,Box_Count
20,2577
19,2928
18,3351
17,3892
16,4464
15,5307
14,6264
13,7527
12,9098
11,11222
10,14146
9,18181
8,23959
7,32800
6,46979
5,72159
4,122519
3,245670
2,670480
