Fractal_Dimension,2.07452142184077
Coefficients,-2.07452142184077
,13.776003231474034
Size,Box_Count
20,1780
19,2037
18,2317
17,2637
16,3058
15,3567
14,4167
13,4901
12,5817
11,7050
10,8463
9,10341
8,13133
7,16882
6,22894
5,32840
4,51424
3,94859
2,236137
