Fractal_Dimension,2.35972898817923
Coefficients,-2.35972898817923
,14.508417000284146
Size,Box_Count
20,1649
19,1907
18,2170
17,2457
16,2894
15,3366
14,4001
13,4767
12,5773
11,7081
10,8943
9,11383
8,14854
7,20189
6,28879
5,43950
4,74032
3,147261
2,398664
