Fractal_Dimension,2.41369631979819
Coefficients,-2.41369631979819
,15.02605297089229
Size,Box_Count
20,2320
19,2643
18,3046
17,3512
16,4109
15,4854
14,5782
13,7013
12,8584
11,10678
10,13501
9,17320
8,22903
7,31401
6,44809
5,68449
4,115061
3,228489
2,618361
