Fractal_Dimension,2.16038244845171
Coefficients,-2.16038244845171
,14.121029998074839
Size,Box_Count
20,2052
19,2325
18,2649
17,3030
16,3472
15,3986
14,4680
13,5437
12,6457
11,7751
10,9385
9,11715
8,14852
7,19492
6,26967
5,39783
4,65059
3,125645
2,334908
