Fractal_Dimension,2.25330057154612
Coefficients,-2.25330057154612
,14.631196069189048
Size,Box_Count
20,2491
19,2839
18,3260
17,3743
16,4364
15,5134
14,6084
13,7191
12,8774
11,10645
10,13161
9,16461
8,21320
7,28176
6,39307
5,58096
4,95344
3,184056
2,485659
