Fractal_Dimension,2.17944644877001
Coefficients,-2.17944644877001
,12.892115485809398
Size,Box_Count
20,596
19,655
18,760
17,837
16,958
15,1098
14,1283
13,1480
12,1777
11,2112
10,2571
9,3224
8,4134
7,5517
6,7607
5,11385
4,18760
3,36587
2,97365
