Fractal_Dimension,2.14582548623864
Coefficients,-2.14582548623864
,14.348917415501045
Size,Box_Count
20,2717
19,3062
18,3496
17,3965
16,4564
15,5211
14,6057
13,7085
12,8395
11,10046
10,12124
9,15013
8,19185
7,25150
6,34532
5,51200
4,83510
3,161346
2,427222
