Fractal_Dimension,2.32442556662645
Coefficients,-2.32442556662645
,14.908579418108445
Size,Box_Count
20,2675
19,3055
18,3475
17,4058
16,4728
15,5532
14,6582
13,7881
12,9626
11,11825
10,14691
9,18697
8,24365
7,32680
6,46092
5,69126
4,114658
3,224181
2,601027
