Fractal_Dimension,2.23093305895115
Coefficients,-2.23093305895115
,13.288192623194599
Size,Box_Count
20,707
19,792
18,917
17,1052
16,1199
15,1417
14,1674
13,1972
12,2339
11,2882
10,3564
9,4516
8,5842
7,7858
6,10855
5,16166
4,26292
3,49358
2,124305
