Fractal_Dimension,2.22425852258446
Coefficients,-2.22425852258446
,13.931096079695756
Size,Box_Count
20,1409
19,1586
18,1804
17,2032
16,2355
15,2733
14,3241
13,3807
12,4546
11,5584
10,6849
9,8563
8,10916
7,14650
6,20286
5,30240
4,49434
3,95734
2,254334
