Fractal_Dimension,2.21314422168075
Coefficients,-2.21314422168075
,14.277749912124591
Size,Box_Count
20,2059
19,2310
18,2631
17,3046
16,3475
15,4018
14,4710
13,5553
12,6621
11,8042
10,9868
9,12279
8,15746
7,20744
6,28984
5,43125
4,70877
3,138172
2,369725
