Fractal_Dimension,2.59992656928187
Coefficients,-2.59992656928187
,15.49957228118008
Size,Box_Count
20,2248
19,2535
18,2915
17,3406
16,3974
15,4686
14,5594
13,6830
12,8420
11,10543
10,13594
9,17890
8,24412
7,34553
6,51714
5,82799
4,146743
3,307206
2,876693
