Fractal_Dimension,2.16755177539634
Coefficients,-2.16755177539634
,13.980418450042894
Size,Box_Count
20,1800
19,2015
18,2258
17,2551
16,2965
15,3381
14,3918
13,4603
12,5518
11,6519
10,7995
9,9958
8,12630
7,16658
6,23147
5,34314
4,56181
3,109143
2,290528
