Fractal_Dimension,2.60807936661182
Coefficients,-2.60807936661182
,15.105544489996651
Size,Box_Count
20,1501
19,1694
18,1941
17,2266
16,2614
15,3082
14,3708
13,4480
12,5495
11,6916
10,8882
9,11691
8,16012
7,22782
6,34182
5,55166
4,98475
3,207210
2,594021
