Fractal_Dimension,2.21023220416471
Coefficients,-2.21023220416471
,14.079825649012516
Size,Box_Count
20,1736
19,1957
18,2224
17,2493
16,2877
15,3304
14,3911
13,4575
12,5404
11,6614
10,8019
9,9980
8,12821
7,17079
6,23668
5,35315
4,58539
3,114709
2,310300
