Fractal_Dimension,2.18549031158814
Coefficients,-2.18549031158814
,14.039621916426114
Size,Box_Count
20,1792
19,2008
18,2252
17,2613
16,2943
15,3413
14,4043
13,4696
12,5564
11,6732
10,8169
9,10088
8,12904
7,17239
6,23792
5,35314
4,58063
3,113265
2,302898
