Fractal_Dimension,2.54366924925458
Coefficients,-2.54366924925458
,14.500029881100538
Size,Box_Count
20,1002
19,1124
18,1284
17,1485
16,1723
15,2022
14,2403
13,2887
12,3520
11,4409
10,5587
9,7289
8,9846
7,13857
6,20674
5,32948
4,58300
3,122274
2,349180
