Fractal_Dimension,2.60610492800485
Coefficients,-2.60610492800485
,16.122101917469767
Size,Box_Count
20,4038
19,4615
18,5295
17,6169
16,7194
15,8563
14,10339
13,12557
12,15464
11,19581
10,25258
9,33380
8,45533
7,64521
6,96136
5,153585
4,270576
3,562024
2,1596468
