Fractal_Dimension,2.38012786712775
Coefficients,-2.38012786712775
,15.062314486118007
Size,Box_Count
20,2670
19,3054
18,3451
17,4056
16,4705
15,5544
14,6591
13,7942
12,9624
11,11904
10,15076
9,19289
8,25283
7,34393
6,48681
5,74241
4,124710
3,246882
2,669529
