Fractal_Dimension,2.37174604615766
Coefficients,-2.37174604615766
,15.041169443565947
Size,Box_Count
20,2633
19,2976
18,3425
17,3960
16,4671
15,5528
14,6579
13,7941
12,9757
11,12183
10,15347
9,19726
8,25921
7,35041
6,49390
5,74081
4,123094
3,239292
2,635474
