Fractal_Dimension,2.62322663910525
Coefficients,-2.62322663910525
,15.760613859541223
Size,Box_Count
20,2701
19,3074
18,3519
17,4096
16,4806
15,5686
14,6803
13,8296
12,10261
11,12987
10,16795
9,22235
8,30561
7,43664
6,65514
5,105313
4,186623
3,386599
2,1080978
