Fractal_Dimension,2.27674358770631
Coefficients,-2.27674358770631
,14.450103653004737
Size,Box_Count
20,1982
19,2244
18,2561
17,2936
16,3470
15,4007
14,4732
13,5649
12,6836
11,8262
10,10214
9,12926
8,16691
7,22330
6,31154
5,46572
4,77182
3,150993
2,406843
