Fractal_Dimension,2.20231910324351
Coefficients,-2.20231910324351
,13.915749051408852
Size,Box_Count
20,1501
19,1708
18,1912
17,2202
16,2520
15,2863
14,3345
13,3945
12,4722
11,5607
10,6950
9,8642
8,11071
7,14711
6,20417
5,30472
4,50372
3,98363
2,263619
