Fractal_Dimension,2.18847422371277
Coefficients,-2.18847422371277
,13.849445825706484
Size,Box_Count
20,1490
19,1669
18,1887
17,2097
16,2439
15,2839
14,3313
13,3808
12,4605
11,5431
10,6574
9,8225
8,10549
7,13962
6,19446
5,28835
4,47898
3,93919
2,255327
