Fractal_Dimension,2.16701813976418
Coefficients,-2.16701813976418
,13.64848662131107
Size,Box_Count
20,1286
19,1448
18,1640
17,1871
16,2117
15,2432
14,2835
13,3306
12,3912
11,4708
10,5683
9,7071
8,9061
7,11940
6,16619
5,24583
4,40421
3,78472
2,209999
