Fractal_Dimension,2.68709425303946
Coefficients,-2.68709425303946
,15.95634303246718
Size,Box_Count
20,2755
19,3166
18,3608
17,4206
16,4956
15,5883
14,7038
13,8548
12,10601
11,13401
10,17334
9,22980
8,31756
7,45548
6,69304
5,113554
4,207022
3,446536
2,1316313
