Fractal_Dimension,2.60851971686586
Coefficients,-2.60851971686586
,15.544082924018038
Size,Box_Count
20,2297
19,2614
18,3015
17,3507
16,4053
15,4773
14,5701
13,6935
12,8516
11,10718
10,13804
9,18300
8,24959
7,35478
6,53251
5,85435
4,152208
3,319918
2,914585
