Fractal_Dimension,2.16758026276962
Coefficients,-2.16758026276962
,14.525981870373773
Size,Box_Count
20,3008
19,3431
18,3899
17,4422
16,5119
15,5878
14,6825
13,7965
12,9546
11,11403
10,13843
9,17189
8,22051
7,28879
6,39972
5,59105
4,96729
3,187140
2,497407
