Fractal_Dimension,2.18529526583473
Coefficients,-2.18529526583473
,13.781395156514003
Size,Box_Count
256,5
128,21
64,117
32,552
16,2667
8,10384
4,41931
2,200916
