Fractal_Dimension,2.21920853734037
Coefficients,-2.21920853734037
,14.186877024256141
Size,Box_Count
256,7
128,29
64,136
32,621
16,3333
8,15380
4,64749
2,305751
