Fractal_Dimension,2.19864625878989
Coefficients,-2.19864625878989
,14.094729786825175
Size,Box_Count
256,8
128,28
64,133
32,584
16,3032
8,13792
4,61549
2,310536
