Fractal_Dimension,2.08860460078208
Coefficients,-2.08860460078208
,13.371510611513683
Size,Box_Count
256,6
128,24
64,109
32,476
16,2186
8,8121
4,32338
2,155111
