Fractal_Dimension,2.18449576825279
Coefficients,-2.18449576825279
,14.246816363616798
Size,Box_Count
256,8
128,37
64,167
32,812
16,4427
8,18042
4,68336
2,305033
