Fractal_Dimension,2.19161356780806
Coefficients,-2.19161356780806
,13.731137325480685
Size,Box_Count
256,4
128,22
64,112
32,525
16,2473
8,9672
4,38999
2,187289
