Fractal_Dimension,2.08792096431884
Coefficients,-2.08792096431884
,12.750241248088798
Size,Box_Count
128,12
64,56
32,263
16,1277
8,5172
4,17693
2,70435
