Fractal_Dimension,2.16131336620001
Coefficients,-2.16131336620001
,13.625026310748774
Size,Box_Count
256,6
128,23
64,93
32,406
16,2041
8,9338
4,41257
2,201086
