Fractal_Dimension,1.8051690154735
Coefficients,-1.8051690154735
,12.336465390108058
Size,Box_Count
20,1018
19,1115
18,1253
17,1407
16,1547
15,1773
14,1980
13,2286
12,2585
11,3054
10,3574
9,4209
8,5146
7,6489
6,8478
5,11762
4,17823
3,31292
2,73578
