Fractal_Dimension,2.21942417859724
Coefficients,-2.21942417859724
,14.64517158052654
Size,Box_Count
20,2665
19,3036
18,3434
17,4022
16,4711
15,5570
14,6552
13,7920
12,9724
11,11985
10,15124
9,19309
8,25086
7,33599
6,46129
5,66576
4,103275
3,183795
2,430349
