Fractal_Dimension,2.18525082539691
Coefficients,-2.18525082539691
,14.538453057212674
Size,Box_Count
20,2667
19,2995
18,3462
17,3990
16,4676
15,5486
14,6557
13,7907
12,9550
11,11772
10,14734
9,18620
8,23910
7,31475
6,42712
5,61355
4,95267
3,172862
2,416703
