Fractal_Dimension,1.79169544087715
Coefficients,-1.79169544087715
,12.844012856737752
Size,Box_Count
20,1679
19,1871
18,2104
17,2346
16,2683
15,3053
14,3486
13,4006
12,4564
11,5334
10,6192
9,7372
8,9090
7,11325
6,14588
5,20182
4,30157
3,51809
2,117816
