Fractal_Dimension,2.28198875421036
Coefficients,-2.28198875421036
,14.472513214964902
Size,Box_Count
20,1894
19,2142
18,2454
17,2824
16,3284
15,3890
14,4612
13,5639
12,6909
11,8631
10,10904
9,14095
8,18565
7,25311
6,35501
5,51567
4,80909
3,144628
2,338076
