Fractal_Dimension,2.1024228756621
Coefficients,-2.1024228756621
,13.524551035702984
Size,Box_Count
20,1278
19,1438
18,1625
17,1880
16,2165
15,2518
14,2972
13,3519
12,4210
11,5142
10,6208
9,7787
8,9834
7,12988
6,17519
5,25199
4,39230
3,70361
2,168491
