Fractal_Dimension,2.30662257729022
Coefficients,-2.30662257729022
,14.65255430477339
Size,Box_Count
20,2117
19,2426
18,2780
17,3201
16,3703
15,4371
14,5254
13,6291
12,7729
11,9645
10,12222
9,15790
8,20742
7,28277
6,39640
5,58396
4,92962
3,170495
2,414994
