Fractal_Dimension,2.17322482127645
Coefficients,-2.17322482127645
,13.886857525020828
Size,Box_Count
256,6
128,24
64,122
32,620
16,3325
8,15200
4,50380
2,179253
