Fractal_Dimension,2.09539121613721
Coefficients,-2.09539121613721
,13.217079269092784
Size,Box_Count
128,18
64,91
32,393
16,1942
8,8534
4,29098
2,106425
