Fractal_Dimension,2.19145815029108
Coefficients,-2.19145815029108
,14.196412402480185
Size,Box_Count
256,8
128,31
64,149
32,723
16,4003
8,19655
4,68671
2,260000
