Fractal_Dimension,2.29839516804462
Coefficients,-2.29839516804462
,14.56972084013361
Size,Box_Count
256,6
128,26
64,144
32,761
16,4460
8,24707
4,88442
2,309612
