Fractal_Dimension,2.26089639275578
Coefficients,-2.26089639275578
,14.443872715528117
Size,Box_Count
128,24
64,157
32,808
16,4560
8,23368
4,79304
2,277410
