Fractal_Dimension,2.18843183988562
Coefficients,-2.18843183988562
,14.035726218978382
Size,Box_Count
256,7
128,26
64,128
32,627
16,3507
8,17053
4,59316
2,215993
