Fractal_Dimension,2.24181542347119
Coefficients,-2.24181542347119
,14.182492184645447
Size,Box_Count
256,5
128,25
64,128
32,665
16,3647
8,17883
4,61477
2,224007
