Fractal_Dimension,2.19094816520835
Coefficients,-2.19094816520835
,14.224480073175501
Size,Box_Count
256,8
128,34
64,148
32,735
16,4121
8,20986
4,71521
2,259981
