Fractal_Dimension,2.1723807060657
Coefficients,-2.1723807060657
,13.79078031229689
Size,Box_Count
256,6
128,22
64,103
32,524
16,2834
8,14828
4,49307
2,159471
