Fractal_Dimension,2.16744670540556
Coefficients,-2.16744670540556
,14.087909099448984
Size,Box_Count
256,8
128,32
64,143
32,699
16,3880
8,19985
4,66534
2,217262
