Fractal_Dimension,2.21564997996986
Coefficients,-2.21564997996986
,13.939441882021015
Size,Box_Count
128,18
64,108
32,580
16,3245
8,16334
4,52065
2,161593
