Fractal_Dimension,2.00755832410632
Coefficients,-2.00755832410632
,12.877988236133133
Size,Box_Count
20,998
19,1083
18,1219
17,1388
16,1528
15,1758
14,2008
13,2270
12,2652
11,3111
10,3735
9,4578
8,5724
7,7413
6,9979
5,14569
4,23252
3,43857
2,113369
