Fractal_Dimension,2.2773726550452
Coefficients,-2.2773726550452
,14.053104827085503
Size,Box_Count
20,1385
19,1550
18,1763
17,1996
16,2290
15,2668
14,3141
13,3753
12,4480
11,5443
10,6734
9,8501
8,10998
7,14882
6,20913
5,31523
4,52529
3,102954
2,276625
