Fractal_Dimension,2.04418481728602
Coefficients,-2.04418481728602
,14.029435256838024
Size,Box_Count
20,2522
19,2893
18,3273
17,3775
16,4358
15,4981
14,5871
13,6857
12,8016
11,9568
10,11595
9,14140
8,17688
7,22923
6,30635
5,43806
4,69015
3,127587
2,319320
