Fractal_Dimension,2.02461196781476
Coefficients,-2.02461196781476
,13.626854004041222
Size,Box_Count
20,1917
19,2164
18,2426
17,2734
16,3098
15,3521
14,4061
13,4707
12,5470
11,6440
10,7707
9,9512
8,11835
7,15299
6,20727
5,29910
4,47799
3,89835
2,231602
