Fractal_Dimension,2.23876023660072
Coefficients,-2.23876023660072
,14.488296610342992
Size,Box_Count
20,2238
19,2571
18,2935
17,3391
16,3923
15,4575
14,5409
13,6480
12,7840
11,9511
10,11860
9,14960
8,19114
7,25551
6,35498
5,52409
4,84860
3,161337
2,413494
