Fractal_Dimension,2.10028687802602
Coefficients,-2.10028687802602
,14.364558810045413
Size,Box_Count
20,3095
19,3504
18,3974
17,4523
16,5197
15,6012
14,6988
13,8185
12,9696
11,11548
10,13846
9,17087
8,21657
7,28304
6,38622
5,56082
4,89838
3,170240
2,438177
