Fractal_Dimension,2.11899462193125
Coefficients,-2.11899462193125
,13.632109777604038
Size,Box_Count
20,1373
19,1567
18,1787
17,2047
16,2356
15,2723
14,3198
13,3771
12,4456
11,5370
10,6557
9,8037
8,10183
7,13394
6,18143
5,26447
4,41986
3,79063
2,201532
