Fractal_Dimension,2.03382230500613
Coefficients,-2.03382230500613
,13.676080733603417
Size,Box_Count
20,1877
19,2127
18,2400
17,2750
16,3167
15,3620
14,4231
13,4820
12,5765
11,6862
10,8167
9,9938
8,12513
7,16262
6,21739
5,31268
4,49307
3,91608
2,230898
