Fractal_Dimension,2.29642866293479
Coefficients,-2.29642866293479
,14.326320812291602
Size,Box_Count
20,1658
19,1886
18,2122
17,2438
16,2869
15,3327
14,3914
13,4705
12,5718
11,7001
10,8681
9,10973
8,14335
7,19263
6,26978
5,40568
4,67083
3,130074
2,343787
