Fractal_Dimension,2.08994879978779
Coefficients,-2.08994879978779
,14.146397999915031
Size,Box_Count
20,2646
19,2929
18,3315
17,3784
16,4323
15,5006
14,5736
13,6714
12,7927
11,9365
10,11343
9,13860
8,17536
7,22812
6,31220
5,45639
4,73441
3,139894
2,363891
