Fractal_Dimension,2.06756738833364
Coefficients,-2.06756738833364
,12.727901447572535
Size,Box_Count
128,17
64,57
32,241
16,1062
8,4622
4,18787
2,85754
