Fractal_Dimension,2.02458725901454
Coefficients,-2.02458725901454
,13.379472138761125
Size,Box_Count
256,8
128,33
64,143
32,624
16,2911
8,9801
4,34941
2,149163
