Fractal_Dimension,2.19270381134565
Coefficients,-2.19270381134565
,14.253778930105298
Size,Box_Count
256,6
128,37
64,187
32,966
16,4708
8,16963
4,63805
2,281727
