Fractal_Dimension,2.18997504072157
Coefficients,-2.18997504072157
,14.187537246446173
Size,Box_Count
256,8
128,33
64,154
32,713
16,3773
8,16515
4,66336
2,302754
