Fractal_Dimension,2.15703874246423
Coefficients,-2.15703874246423
,13.757344067441135
Size,Box_Count
256,6
128,26
64,118
32,519
16,2668
8,11375
4,45419
2,200613
