Fractal_Dimension,2.02565089482622
Coefficients,-2.02565089482622
,13.06689963254584
Size,Box_Count
256,6
128,23
64,108
32,459
16,2031
8,7019
4,25463
2,112696
