Fractal_Dimension,2.02281706056398
Coefficients,-2.02281706056398
,13.203379186585495
Size,Box_Count
128,24
64,122
32,559
16,2474
8,8547
4,29560
2,120000
