Fractal_Dimension,2.08008674814354
Coefficients,-2.08008674814354
,13.325967270109725
Size,Box_Count
128,20
64,105
32,500
16,2575
8,9629
4,31398
2,116571
