Fractal_Dimension,1.86593377661053
Coefficients,-1.86593377661053
,12.969287454695039
Size,Box_Count
20,1477
19,1648
18,1883
17,2137
16,2434
15,2852
14,3252
13,3753
12,4401
11,5134
10,6138
9,7385
8,8924
7,11289
6,14764
5,20269
4,30732
3,53138
2,122573
