Fractal_Dimension,1.8956235648626
Coefficients,-1.8956235648626
,13.225567564721048
Size,Box_Count
20,1785
19,2026
18,2251
17,2561
16,2943
15,3338
14,3869
13,4500
12,5185
11,6070
10,7210
9,8801
8,10718
7,13661
6,17874
5,24978
4,38101
3,67478
2,158792
