Fractal_Dimension,1.9519650411951
Coefficients,-1.9519650411951
,13.473765188689788
Size,Box_Count
20,1813
19,2038
18,2352
17,2697
16,3113
15,3642
14,4251
13,5040
12,5951
11,7124
10,8618
9,10651
8,13033
7,16630
6,21810
5,30495
4,45414
3,77753
2,173294
