Fractal_Dimension,2.00447011820805
Coefficients,-2.00447011820805
,13.442091332698354
Size,Box_Count
20,1577
19,1770
18,2042
17,2347
16,2646
15,3080
14,3526
13,4171
12,4916
11,5923
10,7039
9,8684
8,10967
7,14071
6,18997
5,26689
4,41069
3,73138
2,172882
