Fractal_Dimension,2.00438483845257
Coefficients,-2.00438483845257
,13.39194597183136
Size,Box_Count
20,1417
19,1583
18,1796
17,2095
16,2419
15,2848
14,3339
13,4016
12,4771
11,5881
10,7246
9,8974
8,11416
7,14683
6,19400
5,26691
4,39377
3,65381
2,141184
