Fractal_Dimension,2.08532548289703
Coefficients,-2.08532548289703
,14.118281258429102
Size,Box_Count
20,2278
19,2575
18,2946
17,3412
16,3960
15,4679
14,5558
13,6721
12,8127
11,9995
10,12469
9,15770
8,20281
7,26356
6,35208
5,48653
4,72136
3,122804
2,271677
