Fractal_Dimension,2.13110966857054
Coefficients,-2.13110966857054
,14.061992798489863
Size,Box_Count
20,1873
19,2116
18,2435
17,2813
16,3322
15,3856
14,4610
13,5548
12,6798
11,8431
10,10598
9,13672
8,17648
7,23261
6,31425
5,43776
4,65259
3,109513
2,238051
