Fractal_Dimension,2.05713437780195
Coefficients,-2.05713437780195
,14.27689582108171
Size,Box_Count
20,2807
19,3192
18,3656
17,4256
16,4980
15,5862
14,7033
13,8472
12,10333
11,12821
10,15972
9,20225
8,25957
7,33711
6,44389
5,60821
4,88299
3,145177
2,306984
