Fractal_Dimension,2.08297207304584
Coefficients,-2.08297207304584
,14.105958276342704
Size,Box_Count
20,2241
19,2573
18,2904
17,3361
16,3922
15,4612
14,5510
13,6643
12,8113
11,9996
10,12481
9,15905
8,20275
7,26488
6,35277
5,48476
4,71564
3,120538
2,264226
