Fractal_Dimension,1.99080359361462
Coefficients,-1.99080359361462
,14.178678140148685
Size,Box_Count
20,3228
19,3653
18,4174
17,4766
16,5575
15,6513
14,7700
13,9195
12,11055
11,13374
10,16468
9,20177
8,25179
7,32215
6,42363
5,57799
4,86190
3,147150
2,331629
