Fractal_Dimension,2.16102043748078
Coefficients,-2.16102043748078
,14.647322349643074
Size,Box_Count
20,3031
19,3447
18,3987
17,4593
16,5385
15,6372
14,7586
13,9250
12,11372
11,14191
10,18029
9,23240
8,30376
7,40254
6,54529
5,76046
4,112697
3,187791
2,404491
