Fractal_Dimension,2.17937401564704
Coefficients,-2.17937401564704
,13.923600707807024
Size,Box_Count
20,1470
19,1635
18,1865
17,2153
16,2517
15,2939
14,3521
13,4233
12,5135
11,6389
10,8105
9,10440
8,13763
7,18394
6,25031
5,35643
4,53658
3,91275
2,202985
