Fractal_Dimension,2.01074438158405
Coefficients,-2.01074438158405
,13.694388930082853
Size,Box_Count
20,1890
19,2129
18,2448
17,2777
16,3222
15,3807
14,4439
13,5284
12,6359
11,7824
10,9560
9,11988
8,15060
7,19446
6,25584
5,35216
4,52236
3,88442
2,196228
