Fractal_Dimension,2.01067024740647
Coefficients,-2.01067024740647
,12.614417222661567
Size,Box_Count
20,636
19,711
18,814
17,939
16,1090
15,1271
14,1477
13,1754
12,2144
11,2611
10,3270
9,4145
8,5351
7,6873
6,9315
5,12565
4,18285
3,29558
2,60288
