Fractal_Dimension,2.32527407144193
Coefficients,-2.32527407144193
,14.382534837599028
Size,Box_Count
256,6
128,21
64,93
32,447
16,2545
8,15359
4,76766
2,375390
