Fractal_Dimension,2.37616232502655
Coefficients,-2.37616232502655
,13.952916707113737
Size,Box_Count
128,12
64,57
32,273
16,1558
8,9101
4,44158
2,209675
