Fractal_Dimension,2.30116416470377
Coefficients,-2.30116416470377
,13.912239046556246
Size,Box_Count
128,18
64,75
32,329
16,1687
8,9536
4,48062
2,230199
