Fractal_Dimension,2.27206328800662
Coefficients,-2.27206328800662
,13.571457839418098
Size,Box_Count
128,14
64,58
32,271
16,1419
8,7552
4,34112
2,159122
