Fractal_Dimension,2.38493439430471
Coefficients,-2.38493439430471
,14.133097495972772
Size,Box_Count
128,15
64,64
32,305
16,1712
8,10397
4,53525
2,261646
