Fractal_Dimension,2.14101034103286
Coefficients,-2.14101034103286
,12.721986788739134
Size,Box_Count
80,24
79,27
78,29
77,31
76,31
75,31
74,33
73,33
72,35
71,35
70,37
69,37
68,37
67,38
66,39
65,43
64,45
63,45
62,46
61,49
60,51
59,52
58,52
57,56
56,61
55,64
54,68
53,71
52,70
51,73
50,76
49,79
48,79
47,82
46,95
45,100
44,107
43,109
42,112
41,114
40,120
39,133
38,144
37,150
36,164
35,170
34,185
33,200
32,214
31,222
30,239
29,256
28,280
27,302
26,327
25,360
24,389
23,446
22,497
21,543
20,602
19,683
18,778
17,869
16,986
15,1117
14,1269
13,1453
12,1808
11,2091
10,2420
9,3023
8,3792
7,4879
6,6565
5,9340
4,14729
3,27022
2,67342
