Fractal_Dimension,2.1689961889826
Coefficients,-2.1689961889826
,13.959985985841952
Size,Box_Count
141,20
140,21
139,20
138,22
137,22
136,21
135,23
134,25
133,27
132,30
131,30
130,31
129,32
128,32
127,33
126,32
125,33
124,35
123,36
122,36
121,36
120,36
119,36
118,40
117,41
116,41
115,42
114,42
113,43
112,44
111,45
110,44
109,44
108,44
107,43
106,45
105,46
104,46
103,47
102,46
101,48
100,48
99,48
98,49
97,52
96,56
95,57
94,60
93,59
92,62
91,64
90,66
89,71
88,72
87,75
86,75
85,74
84,80
83,83
82,84
81,82
80,84
79,88
78,91
77,95
76,98
75,98
74,99
73,102
72,108
71,109
70,114
69,118
68,116
67,124
66,135
65,141
64,149
63,150
62,152
61,151
60,161
59,168
58,178
57,178
56,188
55,193
54,195
53,213
52,223
51,225
50,237
49,250
48,272
47,283
46,292
45,310
44,338
43,347
42,352
41,377
40,391
39,421
38,463
37,482
36,511
35,546
34,587
33,639
32,684
31,713
30,787
29,870
28,920
27,987
26,1098
25,1201
24,1343
23,1456
22,1643
21,1828
20,2029
19,2273
18,2543
17,2869
16,3294
15,3744
14,4234
13,4935
12,5702
11,6646
10,7896
9,9375
8,11673
7,14851
6,19773
5,27621
4,42990
3,77642
2,189359
