Fractal_Dimension,2.30713706736635
Coefficients,-2.30713706736635
,14.031096216754372
Size,Box_Count
99,27
98,28
97,29
96,29
95,30
94,36
93,37
92,37
91,38
90,39
89,39
88,40
87,41
86,41
85,42
84,43
83,44
82,46
81,49
80,51
79,52
78,53
77,55
76,56
75,59
74,59
73,60
72,62
71,65
70,69
69,70
68,72
67,74
66,76
65,78
64,80
63,81
62,87
61,91
60,95
59,99
58,103
57,115
56,119
55,123
54,124
53,125
52,130
51,142
50,145
49,150
48,158
47,168
46,174
45,184
44,199
43,218
42,231
41,240
40,253
39,257
38,280
37,301
36,329
35,341
34,368
33,392
32,426
31,472
30,515
29,551
28,602
27,653
26,728
25,807
24,892
23,999
22,1112
21,1235
20,1392
19,1607
18,1831
17,2117
16,2480
15,2904
14,3389
13,3961
12,4763
11,5635
10,6788
9,8362
8,10418
7,13443
6,18037
5,25516
4,39468
3,70624
2,168855
