Fractal_Dimension,2.2278368871015
Coefficients,-2.2278368871015
,12.953762811612888
Size,Box_Count
87,17
86,19
85,20
84,22
83,23
82,24
81,26
80,28
79,28
78,28
77,28
76,28
75,30
74,30
73,31
72,32
71,33
70,33
69,33
68,33
67,34
66,35
65,36
64,38
63,38
62,40
61,42
60,42
59,44
58,49
57,51
56,53
55,58
54,58
53,62
52,66
51,69
50,71
49,74
48,77
47,78
46,79
45,82
44,85
43,93
42,101
41,110
40,120
39,123
38,126
37,134
36,140
35,145
34,153
33,169
32,187
31,199
30,209
29,226
28,255
27,275
26,297
25,314
24,352
23,397
22,430
21,498
20,551
19,622
18,700
17,804
16,925
15,1113
14,1285
13,1522
12,1812
11,2225
10,2765
9,3441
8,4408
7,5743
6,7884
5,11269
4,17615
3,31974
2,76211
