Fractal_Dimension,2.11184549957571
Coefficients,-2.11184549957571
,13.050611593154366
Size,Box_Count
100,26
99,28
98,28
97,28
96,28
95,29
94,29
93,32
92,32
91,32
90,34
89,34
88,34
87,33
86,36
85,37
84,39
83,39
82,42
81,43
80,44
79,46
78,48
77,50
76,51
75,52
74,53
73,54
72,54
71,56
70,57
69,58
68,57
67,61
66,63
65,68
64,70
63,74
62,78
61,79
60,82
59,86
58,84
57,88
56,92
55,98
54,103
53,111
52,114
51,118
50,121
49,127
48,133
47,138
46,152
45,155
44,161
43,165
42,170
41,185
40,195
39,209
38,224
37,240
36,255
35,262
34,280
33,304
32,312
31,350
30,375
29,395
28,438
27,478
26,529
25,568
24,614
23,680
22,755
21,848
20,926
19,1051
18,1172
17,1306
16,1465
15,1678
14,1888
13,2230
12,2525
11,3027
10,3583
9,4359
8,5390
7,6897
6,9260
5,13262
4,20751
3,38368
2,95950
