Fractal_Dimension,2.26924085152644
Coefficients,-2.26924085152644
,13.80919150769104
Size,Box_Count
106,24
105,25
104,26
103,26
102,27
101,27
100,27
99,29
98,29
97,31
96,32
95,32
94,32
93,33
92,33
91,33
90,35
89,37
88,37
87,40
86,41
85,42
84,43
83,43
82,46
81,48
80,49
79,51
78,54
77,55
76,55
75,58
74,58
73,58
72,58
71,59
70,61
69,64
68,70
67,72
66,75
65,81
64,80
63,85
62,88
61,88
60,86
59,89
58,94
57,100
56,103
55,110
54,114
53,117
52,128
51,133
50,138
49,150
48,153
47,159
46,166
45,175
44,184
43,192
42,202
41,220
40,227
39,246
38,262
37,272
36,290
35,312
34,337
33,351
32,376
31,418
30,440
29,486
28,525
27,558
26,631
25,687
24,762
23,837
22,930
21,1056
20,1199
19,1348
18,1524
17,1747
16,2022
15,2343
14,2747
13,3242
12,3867
11,4585
10,5671
9,6984
8,8913
7,11734
6,16007
5,23396
4,37364
3,70115
2,178465
