Fractal_Dimension,2.23108583063139
Coefficients,-2.23108583063139
,13.441859844019909
Size,Box_Count
93,26
92,27
91,27
90,28
89,29
88,30
87,30
86,31
85,33
84,34
83,36
82,38
81,41
80,41
79,43
78,43
77,44
76,45
75,46
74,48
73,48
72,49
71,51
70,51
69,52
68,56
67,58
66,58
65,61
64,63
63,64
62,67
61,71
60,78
59,81
58,84
57,87
56,93
55,94
54,97
53,100
52,104
51,105
50,106
49,116
48,118
47,123
46,132
45,144
44,146
43,154
42,165
41,173
40,185
39,193
38,203
37,216
36,217
35,244
34,262
33,273
32,287
31,320
30,352
29,366
28,398
27,438
26,476
25,517
24,573
23,638
22,711
21,793
20,905
19,1016
18,1140
17,1328
16,1514
15,1786
14,2099
13,2460
12,3001
11,3609
10,4416
9,5458
8,6921
7,9017
6,12348
5,17738
4,27976
3,51068
2,125281
