Fractal_Dimension,2.37472334345129
Coefficients,-2.37472334345129
,14.277141953788691
Size,Box_Count
115,20
114,20
113,20
112,21
111,23
110,23
109,23
108,24
107,24
106,24
105,24
104,25
103,26
102,26
101,26
100,26
99,27
98,28
97,30
96,32
95,32
94,32
93,32
92,32
91,34
90,34
89,37
88,39
87,42
86,43
85,45
84,44
83,44
82,45
81,46
80,49
79,50
78,51
77,52
76,53
75,53
74,58
73,58
72,59
71,63
70,65
69,67
68,67
67,68
66,73
65,76
64,81
63,82
62,82
61,87
60,91
59,96
58,99
57,108
56,114
55,120
54,121
53,129
52,131
51,138
50,146
49,154
48,163
47,167
46,174
45,184
44,195
43,211
42,224
41,237
40,253
39,265
38,275
37,302
36,327
35,352
34,372
33,393
32,439
31,469
30,503
29,538
28,609
27,668
26,721
25,799
24,890
23,994
22,1118
21,1249
20,1409
19,1615
18,1860
17,2155
16,2494
15,2980
14,3515
13,4133
12,5004
11,6104
10,7410
9,9346
8,11788
7,15457
6,21079
5,30490
4,48016
3,88253
2,217134
