Fractal_Dimension,2.11949854993758
Coefficients,-2.11949854993758
,13.437734461927784
Size,Box_Count
144,14
143,15
142,16
141,20
140,20
139,19
138,19
137,20
136,21
135,22
134,23
133,22
132,23
131,23
130,23
129,27
128,28
127,28
126,29
125,30
124,31
123,31
122,31
121,31
120,31
119,31
118,32
117,32
116,32
115,32
114,32
113,32
112,32
111,33
110,34
109,34
108,34
107,33
106,33
105,33
104,33
103,33
102,32
101,35
100,35
99,36
98,36
97,38
96,38
95,42
94,48
93,49
92,54
91,54
90,54
89,54
88,52
87,51
86,52
85,54
84,56
83,58
82,58
81,57
80,57
79,65
78,66
77,63
76,68
75,71
74,73
73,75
72,75
71,80
70,85
69,87
68,91
67,98
66,98
65,98
64,106
63,105
62,108
61,102
60,105
59,108
58,111
57,115
56,123
55,138
54,148
53,149
52,148
51,150
50,165
49,164
48,172
47,186
46,204
45,206
44,216
43,223
42,230
41,243
40,248
39,272
38,292
37,303
36,330
35,359
34,376
33,405
32,423
31,466
30,488
29,536
28,573
27,634
26,670
25,760
24,818
23,932
22,1023
21,1132
20,1247
19,1429
18,1608
17,1847
16,2089
15,2401
14,2775
13,3309
12,3894
11,4711
10,5656
9,7053
8,8770
7,11325
6,15266
5,21909
4,34340
3,63467
2,158323
