Fractal_Dimension,2.21289207474382
Coefficients,-2.21289207474382
,13.25822491666887
Size,Box_Count
75,38
74,42
73,43
72,46
71,46
70,45
69,50
68,51
67,54
66,55
65,57
64,57
63,63
62,66
61,67
60,68
59,71
58,71
57,73
56,78
55,79
54,83
53,87
52,88
51,90
50,90
49,96
48,102
47,103
46,119
45,125
44,131
43,139
42,142
41,154
40,155
39,158
38,170
37,195
36,202
35,216
34,227
33,248
32,264
31,286
30,301
29,333
28,369
27,398
26,424
25,462
24,519
23,578
22,631
21,708
20,784
19,883
18,1015
17,1169
16,1356
15,1555
14,1823
13,2156
12,2563
11,3093
10,3784
9,4645
8,5955
7,7720
6,10523
5,15241
4,24165
3,44395
2,110774
