Fractal_Dimension,2.1368530591944
Coefficients,-2.1368530591944
,13.319056187013864
Size,Box_Count
95,34
94,35
93,35
92,34
91,37
90,39
89,40
88,41
87,41
86,41
85,44
84,45
83,47
82,47
81,48
80,50
79,54
78,53
77,58
76,60
75,63
74,64
73,65
72,69
71,70
70,72
69,74
68,78
67,78
66,79
65,78
64,79
63,80
62,84
61,89
60,93
59,98
58,103
57,106
56,107
55,111
54,114
53,121
52,126
51,130
50,138
49,151
48,157
47,167
46,168
45,182
44,189
43,199
42,216
41,221
40,232
39,246
38,263
37,279
36,301
35,323
34,357
33,373
32,400
31,435
30,460
29,498
28,522
27,567
26,636
25,675
24,736
23,821
22,914
21,1016
20,1087
19,1245
18,1395
17,1611
16,1734
15,1955
14,2278
13,2630
12,3040
11,3639
10,4305
9,5334
8,6611
7,8656
6,11711
5,16891
4,27156
3,51147
2,131128
