Fractal_Dimension,2.05668835278719
Coefficients,-2.05668835278719
,12.409955399261747
Size,Box_Count
99,16
98,16
97,17
96,17
95,17
94,19
93,20
92,23
91,23
90,23
89,23
88,24
87,24
86,25
85,27
84,27
83,28
82,29
81,29
80,29
79,33
78,35
77,35
76,35
75,34
74,36
73,35
72,35
71,36
70,37
69,40
68,41
67,43
66,42
65,44
64,45
63,45
62,45
61,48
60,49
59,53
58,56
57,57
56,65
55,68
54,72
53,72
52,75
51,77
50,80
49,79
48,83
47,89
46,100
45,99
44,104
43,111
42,116
41,121
40,127
39,143
38,147
37,159
36,163
35,173
34,185
33,199
32,212
31,220
30,239
29,264
28,290
27,308
26,329
25,360
24,386
23,436
22,458
21,522
20,576
19,656
18,745
17,805
16,921
15,1048
14,1225
13,1398
12,1598
11,1832
10,2206
9,2650
8,3256
7,4120
6,5390
5,7377
4,11342
3,19793
2,46371
