Fractal_Dimension,2.27052703810382
Coefficients,-2.27052703810382
,14.771761092272355
Size,Box_Count
256,8
128,42
64,196
32,1011
16,5811
8,29241
4,108303
2,424856
