Fractal_Dimension,2.18359538678973
Coefficients,-2.18359538678973
,13.843281449933075
Size,Box_Count
256,6
128,24
64,110
32,501
16,2588
8,13092
4,50015
2,201384
