Fractal_Dimension,2.26689654024307
Coefficients,-2.26689654024307
,14.012345520587502
Size,Box_Count
128,18
64,97
32,475
16,2512
8,13577
4,53457
2,204888
