Fractal_Dimension,2.20633219437856
Coefficients,-2.20633219437856
,14.188523205916217
Size,Box_Count
256,8
128,27
64,137
32,655
16,3703
8,18870
4,69090
2,259791
