Fractal_Dimension,2.2230116850397
Coefficients,-2.2230116850397
,14.245217577403471
Size,Box_Count
256,8
128,27
64,133
32,644
16,3509
8,18616
4,72602
2,287601
