Fractal_Dimension,2.26998157913834
Coefficients,-2.26998157913834
,14.869724492631503
Size,Box_Count
256,10
128,44
64,208
32,1061
16,6064
8,32495
4,124116
2,486528
