Fractal_Dimension,2.28370341418039
Coefficients,-2.28370341418039
,14.485972257769053
Size,Box_Count
256,6
128,31
64,136
32,675
16,3717
8,20941
4,84420
2,339434
