Fractal_Dimension,2.20846250769039
Coefficients,-2.20846250769039
,13.01216547321921
Size,Box_Count
128,8
64,46
32,235
16,1147
8,5629
4,20801
2,75511
