Fractal_Dimension,2.24424731045917
Coefficients,-2.24424731045917
,13.846451955708382
Size,Box_Count
20,1218
19,1359
18,1576
17,1796
16,2050
15,2413
14,2810
13,3286
12,3989
11,4833
10,5960
9,7534
8,9647
7,12829
6,17973
5,26974
4,44430
3,86419
2,230198
