Fractal_Dimension,2.56165431687141
Coefficients,-2.56165431687141
,15.466178266812237
Size,Box_Count
20,2374
19,2747
18,3131
17,3634
16,4225
15,5013
14,6004
13,7248
12,8952
11,11244
10,14494
9,19094
8,26031
7,36738
6,54630
5,86268
4,150210
3,305891
2,842707
