Fractal_Dimension,2.52871805913121
Coefficients,-2.52871805913121
,15.410982795652004
Size,Box_Count
20,2493
19,2818
18,3219
17,3720
16,4372
15,5160
14,6188
13,7490
12,9230
11,11597
10,14990
9,19674
8,26641
7,37479
6,55144
5,86494
4,148699
3,297364
2,803370
