Fractal_Dimension,2.25551511171358
Coefficients,-2.25551511171358
,14.267573858144981
Size,Box_Count
20,1732
19,1959
18,2212
17,2576
16,3000
15,3539
14,4179
13,4978
12,6046
11,7344
10,9136
9,11457
8,14818
7,19846
6,27447
5,40771
4,66485
3,127282
2,329300
