Fractal_Dimension,2.00059494286076
Coefficients,-2.00059494286076
,13.431163231543577
Size,Box_Count
20,1693
19,1918
18,2147
17,2405
16,2757
15,3126
14,3512
13,4097
12,4767
11,5590
10,6711
9,8175
8,10218
7,13038
6,17766
5,25608
4,40674
3,76075
2,194716
