Fractal_Dimension,2.50296297471975
Coefficients,-2.50296297471975
,15.135449629380265
Size,Box_Count
20,1984
19,2295
18,2626
17,3018
16,3513
15,4167
14,5018
13,6097
12,7511
11,9415
10,12130
9,16041
8,21717
7,30556
6,45001
5,69755
4,117673
3,229482
2,595110
