Fractal_Dimension,2.54726730194224
Coefficients,-2.54726730194224
,15.062283384966806
Size,Box_Count
20,1694
19,1921
18,2193
17,2521
16,2925
15,3488
14,4135
13,5041
12,6174
11,7716
10,9955
9,13045
8,17737
7,25073
6,37196
5,58972
4,102724
3,209079
2,572913
