Fractal_Dimension,2.08606647682585
Coefficients,-2.08606647682585
,13.397845832131225
Size,Box_Count
20,1250
19,1440
18,1578
17,1798
16,2030
15,2373
14,2740
13,3223
12,3737
11,4543
10,5428
9,6644
8,8371
7,10941
6,14990
5,21923
4,34989
3,66204
2,170475
