Fractal_Dimension,2.14347278197383
Coefficients,-2.14347278197383
,13.874031144056492
Size,Box_Count
20,1654
19,1867
18,2126
17,2444
16,2779
15,3269
14,3792
13,4489
12,5315
11,6404
10,7784
9,9788
8,12336
7,16181
6,22024
5,32222
4,51845
3,98335
2,254431
