Fractal_Dimension,2.13317687966715
Coefficients,-2.13317687966715
,14.038754953839032
Size,Box_Count
20,2105
19,2334
18,2624
17,3062
16,3463
15,3961
14,4563
13,5380
12,6374
11,7516
10,9108
9,11226
8,14352
7,18851
6,25965
5,38314
4,62358
3,120289
2,318051
