Fractal_Dimension,2.55386597331383
Coefficients,-2.55386597331383
,15.702649513623742
Size,Box_Count
20,3027
19,3458
18,3987
17,4620
16,5431
15,6449
14,7699
13,9426
12,11644
11,14719
10,18984
9,25180
8,34350
7,48596
6,71987
5,113117
4,193817
3,384333
2,1016521
