Fractal_Dimension,2.53272769903062
Coefficients,-2.53272769903062
,15.371743823471412
Size,Box_Count
20,2343
19,2647
18,3069
17,3538
16,4148
15,4860
14,5874
13,7126
12,8837
11,11116
10,14243
9,18845
8,25643
7,36101
6,53288
5,83328
4,142921
3,283437
2,753897
