Fractal_Dimension,2.12223293228519
Coefficients,-2.12223293228519
,14.236874828467663
Size,Box_Count
20,2479
19,2836
18,3232
17,3755
16,4283
15,4960
14,5833
13,6828
12,8180
11,9731
10,11795
9,14608
8,18595
7,24110
6,32849
5,47889
4,76632
3,144436
2,370828
