Fractal_Dimension,2.53099672480087
Coefficients,-2.53099672480087
,15.736075400072364
Size,Box_Count
20,3391
19,3889
18,4414
17,5151
16,6010
15,7186
14,8519
13,10405
12,12815
11,16071
10,20535
9,27016
8,36501
7,51196
6,75123
5,117716
4,203163
3,411914
2,1132251
