Fractal_Dimension,2.43430620301531
Coefficients,-2.43430620301531
,13.859418851528504
Size,Box_Count
20,708
19,799
18,902
17,1040
16,1222
15,1421
14,1676
13,2013
12,2457
11,3011
10,3892
9,5025
8,6776
7,9459
6,13889
5,21477
4,36263
3,70637
2,182755
