Fractal_Dimension,2.49868238192795
Coefficients,-2.49868238192795
,15.239332232332005
Size,Box_Count
20,2280
19,2612
18,2988
17,3453
16,4009
15,4735
14,5648
13,6839
12,8411
11,10534
10,13398
9,17611
8,23715
7,32955
6,48389
5,75547
4,129407
3,260124
2,709046
