Fractal_Dimension,2.49459116727264
Coefficients,-2.49459116727264
,14.781196092673902
Size,Box_Count
20,1475
19,1652
18,1890
17,2183
16,2527
15,2995
14,3587
13,4326
12,5342
11,6688
10,8602
9,11290
8,15341
7,21664
6,31935
5,49741
4,84665
3,164341
2,420850
