Fractal_Dimension,2.40388973817913
Coefficients,-2.40388973817913
,15.408221580624636
Size,Box_Count
256,6
128,44
64,248
32,1345
16,7707
8,37002
4,159852
2,756647
