Fractal_Dimension,2.31849568943404
Coefficients,-2.31849568943404
,14.4829309205099
Size,Box_Count
256,6
128,26
64,116
32,538
16,2907
8,15634
4,79768
2,442002
