Fractal_Dimension,2.28064299580887
Coefficients,-2.28064299580887
,14.263493667071847
Size,Box_Count
256,6
128,24
64,111
32,513
16,2586
8,13325
4,66974
2,366385
