Fractal_Dimension,2.12519224611303
Coefficients,-2.12519224611303
,13.272260214650437
Size,Box_Count
256,6
128,16
64,75
32,341
16,1560
8,6924
4,30083
2,151282
