Fractal_Dimension,2.30737871434348
Coefficients,-2.30737871434348
,14.737665689926951
Size,Box_Count
256,8
128,31
64,161
32,790
16,4414
8,22203
4,100166
2,510245
