Fractal_Dimension,2.27734143854465
Coefficients,-2.27734143854465
,14.60423709716891
Size,Box_Count
256,8
128,38
64,158
32,698
16,3723
8,19104
4,94420
2,510644
