Fractal_Dimension,2.17490644772111
Coefficients,-2.17490644772111
,12.701367857668231
Size,Box_Count
128,7
64,41
32,196
16,918
8,3769
4,14674
2,66872
