Fractal_Dimension,2.29236523502468
Coefficients,-2.29236523502468
,14.556997711172201
Size,Box_Count
256,8
128,31
64,138
32,610
16,3240
8,17536
4,90111
2,506677
