Fractal_Dimension,2.08220358532244
Coefficients,-2.08220358532244
,14.10036126815038
Size,Box_Count
20,2206
19,2527
18,2900
17,3329
16,3895
15,4581
14,5454
13,6579
12,8026
11,9951
10,12450
9,15953
8,20621
7,26893
6,35820
5,49608
4,72617
3,119057
2,250470
