Fractal_Dimension,2.08787562121789
Coefficients,-2.08787562121789
,14.01604844044321
Size,Box_Count
20,2042
19,2318
18,2649
17,3067
16,3584
15,4187
14,5001
13,5994
12,7311
11,8943
10,11149
9,14029
8,17969
7,23551
6,31447
5,44019
4,65492
3,111437
2,244407
