Fractal_Dimension,2.12301058742822
Coefficients,-2.12301058742822
,13.754653432035758
Size,Box_Count
20,1465
19,1643
18,1875
17,2166
16,2495
15,2892
14,3448
13,4119
12,5041
11,6235
10,7785
9,9864
8,12894
7,16973
6,22881
5,32377
4,48708
3,83021
2,183578
