Fractal_Dimension,1.97179773225956
Coefficients,-1.97179773225956
,14.143869958068603
Size,Box_Count
20,3266
19,3711
18,4227
17,4848
16,5658
15,6610
14,7832
13,9337
12,11217
11,13573
10,16637
9,20441
8,25463
7,32581
6,42716
5,58057
4,85764
3,144696
2,318063
