Fractal_Dimension,1.67968429907708
Coefficients,-1.67968429907708
,12.56325042069231
Size,Box_Count
20,1770
19,1960
18,2177
17,2493
16,2772
15,3106
14,3480
13,3996
12,4583
11,5249
10,6111
9,7177
8,8686
7,10644
6,13434
5,18181
4,26636
3,44326
2,95897
