Fractal_Dimension,1.8338189692292
Coefficients,-1.8338189692292
,13.204282986648318
Size,Box_Count
20,1981
19,2290
18,2591
17,2945
16,3377
15,3891
14,4472
13,5253
12,6038
11,7117
10,8347
9,10015
8,12359
7,15454
6,19896
5,27585
4,40680
3,69069
2,153568
