Fractal_Dimension,2.07049237036831
Coefficients,-2.07049237036831
,14.557073786735979
Size,Box_Count
20,3731
19,4252
18,4847
17,5565
16,6474
15,7665
14,9023
13,10829
12,13059
11,16045
10,19841
9,24680
8,31282
7,40786
6,54293
5,75882
4,114196
3,197290
2,445826
