Fractal_Dimension,2.13655221621076
Coefficients,-2.13655221621076
,13.688107878581665
Size,Box_Count
20,1430
19,1608
18,1832
17,2094
16,2374
15,2751
14,3191
13,3757
12,4500
11,5333
10,6477
9,8068
8,10263
7,13309
6,18359
5,26968
4,43696
3,83300
2,217279
