Fractal_Dimension,2.17869908342282
Coefficients,-2.17869908342282
,14.77080208428294
Size,Box_Count
20,3587
19,4085
18,4681
17,5364
16,6237
15,7277
14,8542
13,10087
12,12014
11,14577
10,17812
9,22174
8,28264
7,37101
6,50920
5,74699
4,120957
3,230862
2,602736
