Fractal_Dimension,2.17816063291647
Coefficients,-2.17816063291647
,14.560796483399916
Size,Box_Count
20,2913
19,3313
18,3785
17,4299
16,5055
15,5862
14,6903
13,8232
12,9836
11,11832
10,14468
9,18115
8,23128
7,30316
6,41623
5,60686
4,98181
3,186458
2,483499
