Fractal_Dimension,2.154837395577
Coefficients,-2.154837395577
,14.155243388385342
Size,Box_Count
20,2080
19,2379
18,2721
17,3099
16,3600
15,4189
14,4920
13,5822
12,6926
11,8285
10,10129
9,12594
8,16021
7,20880
6,28686
5,41761
4,67783
3,128177
2,332716
