Fractal_Dimension,2.29515428659972
Coefficients,-2.29515428659972
,14.805190452631052
Size,Box_Count
20,2633
19,2984
18,3402
17,3961
16,4606
15,5422
14,6398
13,7670
12,9259
11,11404
10,14349
9,18038
8,23441
7,31441
6,43971
5,65743
4,107871
3,208236
2,546705
