Fractal_Dimension,2.13664735163423
Coefficients,-2.13664735163423
,14.028876153179395
Size,Box_Count
20,2040
19,2262
18,2585
17,2946
16,3332
15,3857
14,4469
13,5208
12,6238
11,7447
10,9118
9,11383
8,14398
7,18915
6,25984
5,38035
4,61625
3,117276
2,303489
