Fractal_Dimension,2.26200012705377
Coefficients,-2.26200012705377
,14.980495076314208
Size,Box_Count
20,3444
19,3958
18,4476
17,5186
16,6043
15,7082
14,8398
13,10024
12,12087
11,14726
10,18323
9,22930
8,29685
7,39494
6,54953
5,81621
4,133719
3,258356
2,681711
