Fractal_Dimension,2.0980620552311
Coefficients,-2.0980620552311
,13.385607379383636
Size,Box_Count
20,1126
19,1307
18,1482
17,1678
16,1944
15,2244
14,2662
13,3084
12,3707
11,4439
10,5368
9,6695
8,8354
7,10966
6,14846
5,21219
4,33844
3,62892
2,158366
