Fractal_Dimension,2.27565314811321
Coefficients,-2.27565314811321
,14.741634531972837
Size,Box_Count
20,2537
19,2896
18,3357
17,3870
16,4524
15,5316
14,6314
13,7654
12,9289
11,11441
10,14284
9,18132
8,23491
7,31158
6,43260
5,63820
4,103397
3,196316
2,505556
