Fractal_Dimension,2.15294821999802
Coefficients,-2.15294821999802
,13.387506128923459
Size,Box_Count
20,1039
19,1175
18,1306
17,1497
16,1660
15,1944
14,2242
13,2662
12,3126
11,3771
10,4558
9,5642
8,7184
7,9538
6,13074
5,19362
4,31707
3,61272
2,163000
