Fractal_Dimension,2.14492031485213
Coefficients,-2.14492031485213
,12.992024528028791
Size,Box_Count
20,738
19,811
18,910
17,1037
16,1168
15,1340
14,1518
13,1828
12,2135
11,2562
10,3093
9,3777
8,4824
7,6462
6,8829
5,13213
4,21734
3,42093
2,112440
