Fractal_Dimension,2.17134340358509
Coefficients,-2.17134340358509
,14.522804485960204
Size,Box_Count
20,3026
19,3332
18,3819
17,4353
16,5001
15,5782
14,6724
13,7897
12,9393
11,11222
10,13629
9,17058
8,21784
7,28961
6,40015
5,59090
4,96714
3,185633
2,485374
