Fractal_Dimension,2.33975885107593
Coefficients,-2.33975885107593
,14.940371121582718
Size,Box_Count
20,2678
19,3016
18,3484
17,4033
16,4688
15,5478
14,6458
13,7745
12,9418
11,11640
10,14468
9,18504
8,24264
7,32790
6,46671
5,70598
4,117493
3,229448
2,605750
