Fractal_Dimension,2.23176800152222
Coefficients,-2.23176800152222
,14.786545632104803
Size,Box_Count
256,9
128,46
64,255
32,1306
16,7619
8,35205
4,111973
2,372198
