Fractal_Dimension,2.17229079868701
Coefficients,-2.17229079868701
,13.992190463576433
Size,Box_Count
256,6
128,28
64,142
32,701
16,3843
8,17981
4,56385
2,181383
