Fractal_Dimension,2.2229590614965
Coefficients,-2.2229590614965
,14.107733944786677
Size,Box_Count
256,5
128,25
64,136
32,644
16,3509
8,18336
4,61078
2,195522
