Fractal_Dimension,2.22645314983652
Coefficients,-2.22645314983652
,14.295646770741598
Size,Box_Count
256,6
128,30
64,149
32,778
16,4440
8,22400
4,72076
2,231768
