Fractal_Dimension,2.13592199377621
Coefficients,-2.13592199377621
,13.63874967470098
Size,Box_Count
256,6
128,22
64,105
32,527
16,2850
8,14483
4,44611
2,128823
