Fractal_Dimension,2.19259959467924
Coefficients,-2.19259959467924
,14.5003872935488
Size,Box_Count
256,10
128,41
64,204
32,1054
16,5841
8,27048
4,91600
2,325354
