Fractal_Dimension,2.19245218260893
Coefficients,-2.19245218260893
,13.2061593731628
Size,Box_Count
128,13
64,60
32,259
16,1320
8,5873
4,24902
2,119301
