Fractal_Dimension,2.26933214919781
Coefficients,-2.26933214919781
,14.655670233371628
Size,Box_Count
256,8
128,35
64,172
32,903
16,5172
8,23682
4,94033
2,423008
