Fractal_Dimension,2.09274309574052
Coefficients,-2.09274309574052
,13.28229834879011
Size,Box_Count
128,17
64,105
32,514
16,2208
8,7618
4,28265
2,125868
