Fractal_Dimension,2.09244295581511
Coefficients,-2.09244295581511
,13.995810314149574
Size,Box_Count
256,9
128,42
64,227
32,1053
16,4499
8,15286
4,56796
2,252802
