Fractal_Dimension,2.12667761328778
Coefficients,-2.12667761328778
,13.449049178511386
Size,Box_Count
128,19
64,103
32,486
16,2312
8,8574
4,32698
2,148112
