Fractal_Dimension,2.12248852275649
Coefficients,-2.12248852275649
,12.890712970222555
Size,Box_Count
128,12
64,56
32,272
16,1342
8,4949
4,18994
2,86222
