Fractal_Dimension,2.12566054898504
Coefficients,-2.12566054898504
,13.93931434660131
Size,Box_Count
256,8
128,35
64,162
32,790
16,3836
8,14157
4,53293
2,238982
