Fractal_Dimension,2.28460501213468
Coefficients,-2.28460501213468
,13.853775599807003
Size,Box_Count
128,15
64,72
32,388
16,2159
8,10036
4,41523
2,192044
