Fractal_Dimension,2.28684245197656
Coefficients,-2.28684245197656
,14.135263648365926
Size,Box_Count
256,4
128,19
64,108
32,542
16,2773
8,12416
4,53559
2,259562
