Fractal_Dimension,2.19880575211112
Coefficients,-2.19880575211112
,13.5300533636621
Size,Box_Count
128,18
64,72
32,368
16,1910
8,8064
4,33509
2,161292
