Fractal_Dimension,2.30628497547727
Coefficients,-2.30628497547727
,14.959291785043835
Size,Box_Count
256,8
128,40
64,208
32,1146
16,6718
8,30145
4,117930
2,524845
