Fractal_Dimension,2.2408971985789
Coefficients,-2.2408971985789
,13.861204248403565
Size,Box_Count
128,19
64,86
32,442
16,2474
8,11316
4,44647
2,197328
