Fractal_Dimension,2.20826895318855
Coefficients,-2.20826895318855
,14.004829191770083
Size,Box_Count
256,6
128,26
64,122
32,546
16,2825
8,12813
4,54634
2,259277
