Fractal_Dimension,2.20713708168543
Coefficients,-2.20713708168543
,13.496069624488142
Size,Box_Count
128,17
64,70
32,315
16,1742
8,8197
4,33139
2,150098
