Fractal_Dimension,2.13267683559454
Coefficients,-2.13267683559454
,13.068338132672027
Size,Box_Count
128,15
64,63
32,288
16,1446
8,5912
4,23275
2,104458
