Fractal_Dimension,2.10165199055089
Coefficients,-2.10165199055089
,12.693839726010939
Size,Box_Count
128,12
64,48
32,220
16,1131
8,4386
4,16470
2,72526
