Fractal_Dimension,2.07743663480785
Coefficients,-2.07743663480785
,13.230810037532647
Size,Box_Count
128,18
64,104
32,470
16,2251
8,8066
4,28201
2,114391
