Fractal_Dimension,1.92146314269199
Coefficients,-1.92146314269199
,11.862278533189054
Size,Box_Count
64,41
32,193
16,816
8,2774
4,9102
2,35586
