Fractal_Dimension,2.19441498078522
Coefficients,-2.19441498078522
,13.582952930376996
Size,Box_Count
128,18
64,83
32,397
16,2051
8,8771
4,35429
2,165624
