Fractal_Dimension,2.0036339154234
Coefficients,-2.0036339154234
,12.045241654608489
Size,Box_Count
128,10
64,41
32,163
16,724
8,2571
4,9761
2,44224
