Fractal_Dimension,2.17252735218426
Coefficients,-2.17252735218426
,13.347847055803898
Size,Box_Count
128,16
64,72
32,335
16,1689
8,7305
4,29214
2,132755
