Fractal_Dimension,2.24215589035415
Coefficients,-2.24215589035415
,13.655729342807236
Size,Box_Count
128,16
64,71
32,340
16,1903
8,9275
4,36966
2,163708
