Fractal_Dimension,2.04677129391988
Coefficients,-2.04677129391988
,12.960044371526994
Size,Box_Count
128,19
64,81
32,390
16,1724
8,5977
4,22314
2,101747
