Fractal_Dimension,2.29817744444186
Coefficients,-2.29817744444186
,13.302502163147503
Size,Box_Count
128,9
64,39
32,203
16,1073
8,5319
4,24164
2,119413
