Fractal_Dimension,2.16517766946213
Coefficients,-2.16517766946213
,13.53621512284764
Size,Box_Count
128,18
64,91
32,448
16,2272
8,9067
4,34429
2,152968
