Fractal_Dimension,2.25836688707829
Coefficients,-2.25836688707829
,13.435359524525625
Size,Box_Count
128,12
64,53
32,259
16,1455
8,6991
4,29105
2,132062
