Fractal_Dimension,2.23034606160319
Coefficients,-2.23034606160319
,14.475626131902825
Size,Box_Count
256,8
128,36
64,172
32,889
16,4863
8,20586
4,81515
2,369404
