Fractal_Dimension,2.09232311410804
Coefficients,-2.09232311410804
,12.690219273470236
Size,Box_Count
128,13
64,49
32,238
16,1064
8,4233
4,16544
2,77668
