Fractal_Dimension,2.00569612404854
Coefficients,-2.00569612404854
,12.203088746922983
Size,Box_Count
128,12
64,46
32,186
16,829
8,3111
4,11568
2,50849
