Fractal_Dimension,2.03274852634755
Coefficients,-2.03274852634755
,12.728157923046185
Size,Box_Count
128,17
64,67
32,315
16,1373
8,4806
4,18425
2,83363
