Fractal_Dimension,2.08337997415136
Coefficients,-2.08337997415136
,13.063076026414468
Size,Box_Count
128,16
64,85
32,390
16,1715
8,6197
4,23579
2,106783
