Fractal_Dimension,1.93774240514326
Coefficients,-1.93774240514326
,12.005438328285068
Size,Box_Count
128,13
64,52
32,212
16,798
8,2729
4,10306
2,45391
