Fractal_Dimension,2.08408869111121
Coefficients,-2.08408869111121
,12.297262352758192
Size,Box_Count
128,8
64,34
32,169
16,879
8,3230
4,11211
2,44946
