Fractal_Dimension,2.19120096334809
Coefficients,-2.19120096334809
,12.819836678687025
Size,Box_Count
128,9
64,36
32,184
16,964
8,4405
4,17210
2,73222
