Fractal_Dimension,2.15066414502089
Coefficients,-2.15066414502089
,12.809766498010546
Size,Box_Count
128,11
64,42
32,208
16,1037
8,4869
4,18111
2,74303
