Fractal_Dimension,2.18895268711268
Coefficients,-2.18895268711268
,14.126971301038953
Size,Box_Count
256,6
128,29
64,168
32,842
16,4226
8,15855
4,57291
2,242615
