Fractal_Dimension,2.09169403448657
Coefficients,-2.09169403448657
,12.65446523983585
Size,Box_Count
128,10
64,48
32,251
16,1301
8,4724
4,15577
2,59953
