Fractal_Dimension,2.27532237966535
Coefficients,-2.27532237966535
,14.507506257959125
Size,Box_Count
20,2022
18,2635
16,3544
14,4958
12,7251
10,11376
8,19070
6,35892
4,84429
2,380830
