Fractal_Dimension,2.2726307385161
Coefficients,-2.2726307385161
,15.354143902845124
Size,Box_Count
20,4587
18,6037
16,8209
14,11620
12,17337
10,27338
8,46325
6,87322
4,200249
2,845053
