Fractal_Dimension,2.31593307988778
Coefficients,-2.31593307988778
,13.929546490394113
Size,Box_Count
20,1038
18,1340
16,1795
14,2517
12,3646
10,5625
8,9500
6,18188
4,44443
2,216833
