Fractal_Dimension,2.39628531626186
Coefficients,-2.39628531626186
,15.27744659215464
Size,Box_Count
20,3018
18,3990
16,5427
14,7673
12,11550
10,18661
8,32675
6,64297
4,157220
2,730900
