Fractal_Dimension,2.33735729736733
Coefficients,-2.33735729736733
,14.437187139103555
Size,Box_Count
20,1582
18,2037
16,2759
14,3871
12,5781
10,9210
8,15823
6,30282
4,72808
2,335400
