Fractal_Dimension,2.33392779979275
Coefficients,-2.33392779979275
,14.390074395462477
Size,Box_Count
20,1511
18,1977
16,2683
14,3781
12,5624
10,8866
8,14946
6,28344
4,68400
2,329723
