Fractal_Dimension,2.35938727659742
Coefficients,-2.35938727659742
,13.976899275064618
Size,Box_Count
20,960
18,1252
16,1673
14,2340
12,3408
10,5339
8,8999
6,17624
4,43857
2,222092
