Fractal_Dimension,2.4348581886537
Coefficients,-2.4348581886537
,14.852905963691164
Size,Box_Count
20,1836
18,2404
16,3204
14,4539
12,6756
10,10708
8,18897
6,38369
4,98141
2,483641
