Fractal_Dimension,2.40142892695051
Coefficients,-2.40142892695051
,14.298533960837663
Size,Box_Count
20,1143
18,1511
16,2042
14,2871
12,4266
10,6704
8,11704
6,23140
4,58183
2,286200
