Fractal_Dimension,2.31564075209754
Coefficients,-2.31564075209754
,14.50927449553201
Size,Box_Count
20,1780
18,2315
16,3160
14,4493
12,6652
10,10507
8,17699
6,33556
4,79424
2,368854
