Fractal_Dimension,2.38412336994636
Coefficients,-2.38412336994636
,13.973399822728428
Size,Box_Count
20,896
18,1154
16,1541
14,2142
12,3192
10,5030
8,8642
6,17125
4,42983
2,212415
