Fractal_Dimension,2.40963402595923
Coefficients,-2.40963402595923
,14.7346612311063
Size,Box_Count
20,1722
18,2232
16,3035
14,4358
12,6515
10,10417
8,18116
6,35578
4,88588
2,433533
