Fractal_Dimension,2.34391266790191
Coefficients,-2.34391266790191
,14.174708786859135
Size,Box_Count
20,1206
18,1570
16,2127
14,2957
12,4328
10,6725
8,11639
6,22665
4,55870
2,263203
