Fractal_Dimension,2.42370836245434
Coefficients,-2.42370836245434
,14.575518176934414
Size,Box_Count
128,18
64,97
32,430
16,2316
8,13241
4,75472
2,437988
