Fractal_Dimension,2.43167913530179
Coefficients,-2.43167913530179
,14.810810004809772
Size,Box_Count
256,5
128,19
64,100
32,500
16,2738
8,16793
4,100446
2,581481
