Fractal_Dimension,2.41473713957982
Coefficients,-2.41473713957982
,15.098187367647311
Size,Box_Count
256,7
128,30
64,143
32,668
16,3807
8,23517
4,137517
2,785459
