Fractal_Dimension,2.47157079861406
Coefficients,-2.47157079861406
,15.730178691349941
Size,Box_Count
256,9
128,43
64,215
32,1093
16,6361
8,40205
4,235326
2,1347049
