Fractal_Dimension,2.46336446370789
Coefficients,-2.46336446370789
,15.698304785018108
Size,Box_Count
256,10
128,40
64,206
32,1092
16,6361
8,40028
4,232018
2,1319043
