Fractal_Dimension,2.4885453971347
Coefficients,-2.4885453971347
,15.511262900766765
Size,Box_Count
256,7
128,33
64,154
32,788
16,4642
8,29612
4,187902
2,1156961
