Fractal_Dimension,2.51246586498296
Coefficients,-2.51246586498296
,15.461846529640855
Size,Box_Count
128,30
64,152
32,767
16,4338
8,27095
4,164977
2,991808
