Fractal_Dimension,2.53741919243411
Coefficients,-2.53741919243411
,15.757496125418735
Size,Box_Count
256,6
128,31
64,178
32,973
16,5630
8,35649
4,216083
2,1269733
