Fractal_Dimension,2.4702096381323
Coefficients,-2.4702096381323
,15.01873427568834
Size,Box_Count
128,24
64,121
32,555
16,2996
8,18478
4,113322
2,679316
