Fractal_Dimension,2.39824154042991
Coefficients,-2.39824154042991
,14.908413125961108
Size,Box_Count
256,7
128,27
64,118
32,567
16,3135
8,19193
4,117758
2,715978
