Fractal_Dimension,2.35885914470543
Coefficients,-2.35885914470543
,14.623925665340293
Size,Box_Count
256,6
128,26
64,108
32,499
16,2671
8,15764
4,92061
2,540147
