Fractal_Dimension,2.52031664590404
Coefficients,-2.52031664590404
,15.46267368689326
Size,Box_Count
128,30
64,143
32,740
16,4209
8,26439
4,164319
2,1000762
