Fractal_Dimension,2.09998263718259
Coefficients,-2.09998263718259
,13.489250033356253
Size,Box_Count
20,1319
19,1464
18,1649
17,1872
16,2142
15,2467
14,2863
13,3404
12,3999
11,4756
10,5855
9,7146
8,9191
7,12010
6,16333
5,23915
4,37838
3,70481
2,177317
