Fractal_Dimension,2.08690697765085
Coefficients,-2.08690697765085
,13.853484072864575
Size,Box_Count
20,1780
19,2028
18,2331
17,2702
16,3138
15,3672
14,4336
13,5200
12,6189
11,7515
10,9094
9,11458
8,14505
7,18708
6,25233
5,35647
4,55257
3,98167
2,231496
