Fractal_Dimension,2.13478812553498
Coefficients,-2.13478812553498
,14.271182675452993
Size,Box_Count
20,2367
19,2728
18,3131
17,3592
16,4162
15,4892
14,5803
13,6972
12,8314
11,10054
10,12417
9,15418
8,19622
7,25610
6,34697
5,49812
4,78115
3,142677
2,348835
