Fractal_Dimension,2.00610804050008
Coefficients,-2.00610804050008
,13.392051547905737
Size,Box_Count
256,8
128,34
64,151
32,752
16,3803
8,12448
4,35877
2,117110
