Fractal_Dimension,1.87512478356313
Coefficients,-1.87512478356313
,11.912914187499595
Size,Box_Count
128,12
64,64
32,276
16,1097
8,3330
4,9825
2,33854
