Fractal_Dimension,1.94426226904022
Coefficients,-1.94426226904022
,12.810350461465408
Size,Box_Count
256,6
128,26
64,112
32,533
16,2571
8,7894
4,21625
2,67014
