Fractal_Dimension,1.9573631759303
Coefficients,-1.9573631759303
,13.132212472171808
Size,Box_Count
128,24
64,153
32,720
16,3468
8,10595
4,29546
2,92580
