Fractal_Dimension,1.8932887584889
Coefficients,-1.8932887584889
,12.69410068039387
Size,Box_Count
128,24
64,119
32,545
16,2508
8,7983
4,21514
2,64010
