Fractal_Dimension,2.03013157955577
Coefficients,-2.03013157955577
,13.544180011643826
Size,Box_Count
256,8
128,37
64,157
32,784
16,4074
8,14124
4,41025
2,132455
