Fractal_Dimension,2.03289331789192
Coefficients,-2.03289331789192
,13.446581853690311
Size,Box_Count
256,5
128,35
64,179
32,909
16,4021
8,11430
4,33062
2,112569
