Fractal_Dimension,1.95089226380986
Coefficients,-1.95089226380986
,12.646381583093309
Size,Box_Count
128,18
64,90
32,410
16,1995
8,6546
4,18903
2,61273
