Fractal_Dimension,2.01719345957721
Coefficients,-2.01719345957721
,13.252946709520225
Size,Box_Count
256,7
128,29
64,129
32,579
16,2797
8,10098
4,31710
2,112740
