Fractal_Dimension,1.98849238409039
Coefficients,-1.98849238409039
,13.218532555451876
Size,Box_Count
256,6
128,29
64,164
32,812
16,3726
8,10768
4,29148
2,87801
