Fractal_Dimension,2.09711555828776
Coefficients,-2.09711555828776
,14.6355459650886
Size,Box_Count
20,3806
19,4362
18,5009
17,5772
16,6718
15,7904
14,9304
13,11075
12,13181
11,15997
10,19407
9,23994
8,30145
7,39248
6,52821
5,75471
4,117930
3,214841
2,524845
