Fractal_Dimension,2.30894051070897
Coefficients,-2.30894051070897
,14.747040080804108
Size,Box_Count
256,8
128,34
64,158
32,733
16,4045
8,23297
4,109126
2,505610
