Fractal_Dimension,2.47856534306592
Coefficients,-2.47856534306592
,15.856432934627797
Size,Box_Count
256,8
128,46
64,253
32,1394
16,8395
8,50350
4,252722
2,1226269
