Fractal_Dimension,2.16500566346875
Coefficients,-2.16500566346875
,13.784253438813153
Size,Box_Count
256,6
128,24
64,111
32,518
16,2768
8,14115
4,49076
2,169173
