Fractal_Dimension,2.36798383268388
Coefficients,-2.36798383268388
,14.80760434886261
Size,Box_Count
256,6
128,26
64,136
32,673
16,3724
8,21334
4,104746
2,512813
