Fractal_Dimension,2.40063097600433
Coefficients,-2.40063097600433
,15.055600126224387
Size,Box_Count
256,8
128,28
64,135
32,694
16,3906
8,23617
4,134666
2,752535
