Fractal_Dimension,2.13991414010153
Coefficients,-2.13991414010153
,13.906309188321277
Size,Box_Count
256,8
128,29
64,132
32,659
16,3622
8,17379
4,56344
2,186328
