Fractal_Dimension,2.21001090001163
Coefficients,-2.21001090001163
,14.4037952378427
Size,Box_Count
256,8
128,35
64,167
32,890
16,5169
8,26043
4,82782
2,267638
