Fractal_Dimension,2.30589680642193
Coefficients,-2.30589680642193
,14.79076508099418
Size,Box_Count
256,8
128,35
64,165
32,828
16,4777
8,25683
4,109847
2,486331
