Fractal_Dimension,2.24161860320774
Coefficients,-2.24161860320774
,14.134420861237992
Size,Box_Count
256,6
128,24
64,116
32,537
16,2910
8,15031
4,62574
2,266280
