Fractal_Dimension,2.49404336341662
Coefficients,-2.49404336341662
,15.815641421200473
Size,Box_Count
256,8
128,42
64,223
32,1153
16,6820
8,42362
4,242916
2,1375083
