Fractal_Dimension,2.41758515680022
Coefficients,-2.41758515680022
,15.462790799068326
Size,Box_Count
256,8
128,42
64,213
32,1112
16,6532
8,38221
4,186002
2,903618
