Fractal_Dimension,2.50148806417512
Coefficients,-2.50148806417512
,15.845324200314302
Size,Box_Count
256,8
128,40
64,210
32,1196
16,7285
8,46305
4,251549
2,1287326
