Fractal_Dimension,2.4366956809877
Coefficients,-2.4366956809877
,14.841335669771697
Size,Box_Count
128,18
64,117
32,609
16,3366
8,20243
4,99247
2,438401
