Fractal_Dimension,2.36272679342562
Coefficients,-2.36272679342562
,15.033213799213415
Size,Box_Count
256,8
128,37
64,161
32,785
16,4544
8,27153
4,135799
2,673807
