Fractal_Dimension,2.22031019327241
Coefficients,-2.22031019327241
,14.375355860025007
Size,Box_Count
256,8
128,35
64,153
32,753
16,4302
8,22258
4,80791
2,306379
