Fractal_Dimension,2.35431348062783
Coefficients,-2.35431348062783
,15.157840580679132
Size,Box_Count
256,8
128,43
64,205
32,1008
16,5820
8,34699
4,154106
2,638288
