Fractal_Dimension,2.31127269251591
Coefficients,-2.31127269251591
,14.854049053238796
Size,Box_Count
256,8
128,37
64,173
32,870
16,4958
8,28309
4,118000
2,492987
