Fractal_Dimension,2.46913995642631
Coefficients,-2.46913995642631
,15.567068162421059
Size,Box_Count
256,8
128,38
64,176
32,919
16,5331
8,33784
4,203448
2,1179214
