Fractal_Dimension,2.41678775487173
Coefficients,-2.41678775487173
,15.250854953080623
Size,Box_Count
256,8
128,29
64,163
32,866
16,5111
8,31550
4,158232
2,748139
