Fractal_Dimension,2.36382175110855
Coefficients,-2.36382175110855
,14.741770370172928
Size,Box_Count
256,6
128,27
64,125
32,593
16,3290
8,18872
4,100615
2,532200
