Fractal_Dimension,2.41719628081224
Coefficients,-2.41719628081224
,15.483006864178067
Size,Box_Count
256,9
128,43
64,210
32,1071
16,6210
8,37668
4,195083
2,997983
