Fractal_Dimension,2.1272776412075
Coefficients,-2.1272776412075
,13.548819161680395
Size,Box_Count
256,6
128,24
64,102
32,445
16,2309
8,11334
4,40763
2,150157
