Fractal_Dimension,2.42878927133632
Coefficients,-2.42878927133632
,15.457532007851153
Size,Box_Count
256,8
128,42
64,200
32,994
16,5615
8,33949
4,186468
2,1019640
