Fractal_Dimension,2.34086913038539
Coefficients,-2.34086913038539
,14.676530677389685
Size,Box_Count
128,24
64,140
32,726
16,3990
8,22373
4,93626
2,377897
