Fractal_Dimension,2.31877382602933
Coefficients,-2.31877382602933
,14.711309056928897
Size,Box_Count
256,7
128,29
64,144
32,734
16,4266
8,24519
4,102790
2,417404
