Fractal_Dimension,2.04769124473257
Coefficients,-2.04769124473257
,12.871807530107874
Size,Box_Count
256,5
128,19
64,66
32,296
16,1392
8,6463
4,23248
2,87343
