Fractal_Dimension,2.4505138779506
Coefficients,-2.4505138779506
,15.570885906035274
Size,Box_Count
256,8
128,44
64,196
32,1006
16,5975
8,36443
4,203986
2,1130928
