Fractal_Dimension,2.28227688382701
Coefficients,-2.28227688382701
,14.496820335934585
Size,Box_Count
128,28
64,145
32,721
16,3933
8,20938
4,82854
2,341856
