Fractal_Dimension,2.05699825004807
Coefficients,-2.05699825004807
,12.842951235181522
Size,Box_Count
128,16
64,70
32,298
16,1418
8,6586
4,21792
2,74683
