Fractal_Dimension,2.32746094736576
Coefficients,-2.32746094736576
,14.63808710977327
Size,Box_Count
256,6
128,29
64,137
32,636
16,3492
8,19468
4,93157
2,449475
