Fractal_Dimension,2.43256100255188
Coefficients,-2.43256100255188
,15.378008309981222
Size,Box_Count
256,8
128,37
64,172
32,869
16,4983
8,30780
4,175704
2,978215
