Fractal_Dimension,2.25840225697818
Coefficients,-2.25840225697818
,14.617209287895536
Size,Box_Count
256,8
128,39
64,171
32,822
16,4704
8,25857
4,99895
2,383963
