Fractal_Dimension,2.48048414802662
Coefficients,-2.48048414802662
,15.333486557925353
Size,Box_Count
128,26
64,156
32,812
16,4680
8,28964
4,153343
2,744242
