Fractal_Dimension,2.29717951438559
Coefficients,-2.29717951438559
,14.552785743645481
Size,Box_Count
256,6
128,29
64,141
32,715
16,4008
8,21332
4,86793
2,356714
