Fractal_Dimension,2.4206052773309
Coefficients,-2.4206052773309
,14.67504092784733
Size,Box_Count
128,18
64,112
32,514
16,2708
8,15506
4,84523
2,441117
