Fractal_Dimension,2.21153857204166
Coefficients,-2.21153857204166
,14.236234753858
Size,Box_Count
256,8
128,32
64,133
32,662
16,3521
8,18144
4,72310
2,300316
