Fractal_Dimension,2.45940848587138
Coefficients,-2.45940848587138
,15.253178725573768
Size,Box_Count
256,6
128,29
64,143
32,698
16,3918
8,24389
4,149798
2,884422
