Fractal_Dimension,2.33900805810546
Coefficients,-2.33900805810546
,15.089937472834348
Size,Box_Count
256,8
128,42
64,203
32,1051
16,6090
8,32702
4,137588
2,611766
