Fractal_Dimension,2.24460304295734
Coefficients,-2.24460304295734
,14.13232114224612
Size,Box_Count
128,22
64,122
32,558
16,3106
8,17026
4,63106
2,221270
