Fractal_Dimension,2.47293024163807
Coefficients,-2.47293024163807
,15.011449520928561
Size,Box_Count
128,22
64,118
32,574
16,3124
8,18877
4,111137
2,633980
