Fractal_Dimension,2.44148219916016
Coefficients,-2.44148219916016
,14.863526722600232
Size,Box_Count
128,23
64,114
32,532
16,2922
8,17499
4,100241
2,566093
