Fractal_Dimension,2.31927710644866
Coefficients,-2.31927710644866
,14.314350146707326
Size,Box_Count
128,21
64,102
32,531
16,2735
8,14819
4,66841
2,301269
