Fractal_Dimension,2.28639807433427
Coefficients,-2.28639807433427
,14.305619213120256
Size,Box_Count
256,6
128,22
64,107
32,537
16,2988
8,17170
4,73392
2,294579
