Fractal_Dimension,2.39650248560725
Coefficients,-2.39650248560725
,14.53768984244991
Size,Box_Count
128,20
64,95
32,457
16,2501
8,15069
4,79890
2,378768
