Fractal_Dimension,2.35182963887732
Coefficients,-2.35182963887732
,14.457221375373571
Size,Box_Count
128,19
64,110
32,556
16,3026
8,15884
4,71685
2,335094
