Fractal_Dimension,2.33466823175733
Coefficients,-2.33466823175733
,14.627829206079175
Size,Box_Count
256,6
128,26
64,126
32,621
16,3451
8,20140
4,94114
2,415961
