Fractal_Dimension,2.34360026992297
Coefficients,-2.34360026992297
,14.913839200453394
Size,Box_Count
256,8
128,31
64,162
32,792
16,4510
8,27019
4,124398
2,543063
