Fractal_Dimension,2.40151349809998
Coefficients,-2.40151349809998
,15.33607059430259
Size,Box_Count
256,8
128,39
64,184
32,1039
16,6229
8,38056
4,172138
2,743476
