Fractal_Dimension,2.36045129627953
Coefficients,-2.36045129627953
,14.561423004285958
Size,Box_Count
128,22
64,119
32,558
16,2984
8,16988
4,82396
2,385747
