Fractal_Dimension,2.36787388434919
Coefficients,-2.36787388434919
,14.869061279364786
Size,Box_Count
256,6
128,30
64,140
32,717
16,3924
8,23825
4,115638
2,511434
