Fractal_Dimension,2.31518751521793
Coefficients,-2.31518751521793
,14.737509643889542
Size,Box_Count
256,8
128,29
64,157
32,739
16,4063
8,23029
4,105799
2,487355
