Fractal_Dimension,2.32462407635691
Coefficients,-2.32462407635691
,14.515363250675497
Size,Box_Count
256,6
128,24
64,121
32,551
16,2971
8,17466
4,86521
2,402609
