Fractal_Dimension,2.37594249897784
Coefficients,-2.37594249897784
,14.859608837681433
Size,Box_Count
128,29
64,139
32,705
16,3932
8,22751
4,108781
2,508060
