Fractal_Dimension,2.33239313206913
Coefficients,-2.33239313206913
,14.719510975645958
Size,Box_Count
256,6
128,28
64,147
32,764
16,4168
8,22078
4,97721
2,431413
