Percent scale (BV5),Fractal Dimension
0.97,2.27831412638
0.98,2.28097642432
0.99,2.28364849082
1.0,2.28626560386
1.01,2.2887280886
1.02,2.29121767184
1.03,2.29376217259
