Percent scale (BV5),Fractal Dimension
0.97,2.31379062986
0.98,2.31654524421
0.99,2.3193128157
1.0,2.3219643776
1.01,2.32454321701
1.02,2.32712175842
1.03,2.32973494936
