Percent scale (BV5),Fractal Dimension
0.97,2.25024068192
0.98,2.25313764114
0.99,2.25605651585
1.0,2.25875685723
1.01,2.2615210267
1.02,2.2642342165
1.03,2.26695721735
