Percent scale (BV5),Fractal Dimension
0.97,2.25043544798
0.98,2.25329011451
0.99,2.25578839819
1.0,2.25849292495
1.01,2.26129078288
1.02,2.26403178612
1.03,2.26676973936
