Percent scale (BV5),Fractal Dimension
0.97,2.16070047007
0.98,2.16352110797
0.99,2.16575318737
1.0,2.16853278739
1.01,2.17133157905
1.02,2.17404637402
1.03,2.17673241131
