Percent scale (BV5),Fractal Dimension
0.97,2.21490600604
0.98,2.21780247237
0.99,2.22069970963
1.0,2.22331167098
1.01,2.22610875912
1.02,2.2288815781
1.03,2.23168647717
