Percent scale (BV5),Fractal Dimension
0.97,2.12947626866
0.98,2.13255120585
0.99,2.13545014657
1.0,2.13825551509
1.01,2.14109157486
1.02,2.14365141535
1.03,2.14619990989
