Percent scale (BV5),Fractal Dimension
0.97,2.08011148678
0.98,2.08309606913
0.99,2.08587696483
1.0,2.08864480981
1.01,2.09148847235
1.02,2.09431911153
1.03,2.09697905365
