Percent scale (BV5),Fractal Dimension
0.97,2.16999808084
0.98,2.17303389111
0.99,2.17589145432
1.0,2.17868262281
1.01,2.18152168891
1.02,2.18418507518
1.03,2.186776365
