Fractal_Dimension,2.05211927108266
Coefficients,-2.05211927108266
,13.959431438225552
Size,Box_Count
20,2241
19,2529
18,2932
17,3331
16,3875
15,4515
14,5334
13,6318
12,7425
11,8948
10,10864
9,13457
8,16838
7,21820
6,29253
5,41511
4,64226
3,114879
2,274520
