Fractal_Dimension,1.88228057548599
Coefficients,-1.88228057548599
,13.525452927211424
Size,Box_Count
20,2545
19,2843
18,3213
17,3629
16,4093
15,4708
14,5357
13,6300
12,7228
11,8411
10,9935
9,12144
8,14663
7,18745
6,24514
5,34235
4,52426
3,92862
2,220618
