Fractal_Dimension,2.28255921174703
Coefficients,-2.28255921174703
,14.877432783080092
Size,Box_Count
20,2749
19,3160
18,3595
17,4200
16,4906
15,5801
14,6959
13,8503
12,10424
11,13042
10,16627
9,21512
8,28405
7,38607
6,53672
5,77532
4,120791
3,213493
2,493621
