Fractal_Dimension,2.36437227722696
Coefficients,-2.36437227722696
,14.383736745452172
Size,Box_Count
20,1410
19,1586
18,1831
17,2093
16,2421
15,2865
14,3404
13,4116
12,5047
11,6288
10,8010
9,10402
8,13861
7,19047
6,27263
5,40883
4,66564
3,124131
2,307902
