Fractal_Dimension,2.26946340354993
Coefficients,-2.26946340354993
,14.902061743269444
Size,Box_Count
20,2991
19,3403
18,3922
17,4537
16,5298
15,6236
14,7465
13,8980
12,11051
11,13702
10,17192
9,22206
8,29165
7,39080
6,54169
5,78554
4,124687
3,226406
2,546308
