Fractal_Dimension,2.08716794214432
Coefficients,-2.08716794214432
,13.60453673581462
Size,Box_Count
20,1487
19,1666
18,1869
17,2113
16,2425
15,2884
14,3357
13,3965
12,4680
11,5686
10,6957
9,8560
8,10888
7,14202
6,19155
5,27624
4,43380
3,78564
2,190316
