Fractal_Dimension,2.3806181507689
Coefficients,-2.3806181507689
,14.862562268594372
Size,Box_Count
20,2114
19,2410
18,2757
17,3207
16,3731
15,4420
14,5250
13,6383
12,7854
11,9805
10,12592
9,16442
8,22086
7,30541
6,43642
5,65570
4,106010
3,194416
2,468963
