Fractal_Dimension,2.3640190241071
Coefficients,-2.3640190241071
,14.541556353159079
Size,Box_Count
20,1642
19,1860
18,2103
17,2471
16,2864
15,3366
14,4007
13,4858
12,5959
11,7404
10,9369
9,12178
8,16254
7,22299
6,31679
5,47585
4,77494
3,145591
2,363184
