Fractal_Dimension,1.91899046878322
Coefficients,-1.91899046878322
,13.045939296069257
Size,Box_Count
20,1442
19,1639
18,1827
17,2046
16,2336
15,2619
14,3021
13,3439
12,3998
11,4635
10,5536
9,6785
8,8335
7,10700
6,14166
5,19934
4,30929
3,55987
2,136587
