Fractal_Dimension,2.37573127665823
Coefficients,-2.37573127665823
,14.853109643690171
Size,Box_Count
20,2142
19,2453
18,2815
17,3250
16,3766
15,4437
14,5343
13,6435
12,7879
11,9854
10,12521
9,16285
8,21601
7,29890
6,42389
5,63480
4,103736
3,195923
2,492900
