Fractal_Dimension,1.92312838635577
Coefficients,-1.92312838635577
,13.747961895814068
Size,Box_Count
20,2943
19,3289
18,3675
17,4143
16,4581
15,5280
14,5947
13,6823
12,7940
11,9298
10,11035
9,13360
8,16397
7,21086
6,28350
5,39923
4,62342
3,113443
2,278331
