Fractal_Dimension,2.33499642908226
Coefficients,-2.33499642908226
,14.922452902661014
Size,Box_Count
256,8
128,35
64,168
32,827
16,4813
8,26829
4,121832
2,568348
