Fractal_Dimension,2.39168666488863
Coefficients,-2.39168666488863
,15.346387841287275
Size,Box_Count
256,8
128,42
64,212
32,1104
16,6462
8,36946
4,169849
2,787538
