Fractal_Dimension,2.36865860773375
Coefficients,-2.36865860773375
,15.310703926444901
Size,Box_Count
256,10
128,44
64,212
32,1081
16,6240
8,36932
4,175225
2,823557
