Fractal_Dimension,2.32962263048869
Coefficients,-2.32962263048869
,14.806621274010416
Size,Box_Count
256,8
128,32
64,148
32,702
16,4047
8,24060
4,115578
2,526044
