Fractal_Dimension,2.2919861420965
Coefficients,-2.2919861420965
,14.283695553868222
Size,Box_Count
256,6
128,25
64,103
32,443
16,2402
8,13985
4,72945
2,366135
