Fractal_Dimension,2.3008244428353
Coefficients,-2.3008244428353
,14.677996036447734
Size,Box_Count
256,8
128,33
64,143
32,712
16,3979
8,22367
4,102447
2,471045
