Fractal_Dimension,1.92669296768301
Coefficients,-1.92669296768301
,12.977343550927516
Size,Box_Count
256,8
128,35
64,143
32,691
16,2878
8,8514
4,25751
2,92511
