Fractal_Dimension,2.05255239697339
Coefficients,-2.05255239697339
,13.208996509760269
Size,Box_Count
128,18
64,110
32,525
16,2604
8,9367
4,28614
2,98828
