Fractal_Dimension,2.0517865530815
Coefficients,-2.0517865530815
,13.19903190816119
Size,Box_Count
128,18
64,107
32,519
16,2670
8,9235
4,28265
2,97424
