Fractal_Dimension,1.93891891481189
Coefficients,-1.93891891481189
,13.004816139534803
Size,Box_Count
256,8
128,34
64,139
32,645
16,2789
8,8526
4,26490
2,96543
