Fractal_Dimension,2.08116307347086
Coefficients,-2.08116307347086
,13.699275993145335
Size,Box_Count
256,8
128,31
64,150
32,735
16,3830
8,14318
4,45609
2,161238
