Fractal_Dimension,1.98376035515738
Coefficients,-1.98376035515738
,13.14157596119804
Size,Box_Count
256,8
128,28
64,132
32,576
16,2922
8,9628
4,29292
2,103070
