Fractal_Dimension,2.01476481369223
Coefficients,-2.01476481369223
,13.237186157912792
Size,Box_Count
256,8
128,27
64,124
32,551
16,2663
8,9544
4,31445
2,121576
