Fractal_Dimension,2.04092632575499
Coefficients,-2.04092632575499
,13.266185944098856
Size,Box_Count
256,7
128,28
64,108
32,472
16,2391
8,9855
4,33087
2,120852
