Fractal_Dimension,2.11170617999263
Coefficients,-2.11170617999263
,13.514784984434346
Size,Box_Count
128,18
64,114
32,598
16,3050
8,11577
4,36086
2,123717
