Fractal_Dimension,1.8937857624861
Coefficients,-1.8937857624861
,12.384279939880916
Size,Box_Count
128,19
64,91
32,403
16,1606
8,5025
4,15445
2,55948
