Fractal_Dimension,1.95313928556613
Coefficients,-1.95313928556613
,12.879329536176622
Size,Box_Count
256,6
128,29
64,127
32,547
16,2291
8,7184
4,22615
2,84707
