Fractal_Dimension,2.00228440124604
Coefficients,-2.00228440124604
,12.283671368371905
Size,Box_Count
128,12
64,46
32,215
16,1045
8,4122
4,13044
2,43870
