Fractal_Dimension,2.35770697928451
Coefficients,-2.35770697928451
,14.936184295242553
Size,Box_Count
20,2428
19,2764
18,3199
17,3663
16,4305
15,5117
14,6094
13,7353
12,9086
11,11277
10,14345
9,18510
8,24633
7,33571
6,47648
5,71108
4,115492
3,215649
2,536835
