Fractal_Dimension,2.57431478210837
Coefficients,-2.57431478210837
,15.18012223344629
Size,Box_Count
20,1765
19,1987
18,2284
17,2630
16,3076
15,3648
14,4336
13,5293
12,6493
11,8114
10,10533
9,13832
8,18789
7,26692
6,39647
5,63287
4,110948
3,228855
2,637554
