Fractal_Dimension,2.4439434960145
Coefficients,-2.4439434960145
,14.91311874720739
Size,Box_Count
20,1898
19,2164
18,2477
17,2876
16,3339
15,3949
14,4714
13,5696
12,7035
11,8713
10,11181
9,14559
8,19542
7,27237
6,39454
5,60508
4,101494
3,195998
2,507305
