Fractal_Dimension,2.40739801230457
Coefficients,-2.40739801230457
,15.06134630717023
Size,Box_Count
20,2395
19,2717
18,3145
17,3644
16,4223
15,5050
14,6011
13,7279
12,8943
11,11286
10,14433
9,18812
8,25123
7,34695
6,50003
5,75667
4,123674
3,232043
2,576746
