Fractal_Dimension,2.34560259493668
Coefficients,-2.34560259493668
,14.88676661194492
Size,Box_Count
20,2370
19,2699
18,3132
17,3613
16,4194
15,4986
14,5939
13,7224
12,8814
11,11093
10,14119
9,18400
8,24426
7,33446
6,47393
5,70395
4,112633
3,205798
2,495580
