Fractal_Dimension,1.96992665537351
Coefficients,-1.96992665537351
,13.712872775731922
Size,Box_Count
20,2093
19,2374
18,2697
17,3113
16,3638
15,4251
14,5040
13,5983
12,7294
11,8943
10,11026
9,13753
8,17407
7,22359
6,29316
5,39704
4,56977
3,91633
2,188631
