Fractal_Dimension,2.14097714825359
Coefficients,-2.14097714825359
,14.941543721422677
Size,Box_Count
20,4394
19,5023
18,5809
17,6725
16,7808
15,9222
14,11039
13,13179
12,16092
11,19835
10,24815
9,31256
8,40208
7,52666
6,71157
5,100799
4,153473
3,266680
2,608519
