Fractal_Dimension,2.20903758418075
Coefficients,-2.20903758418075
,14.12821951164248
Size,Box_Count
20,1664
19,1914
18,2162
17,2483
16,2910
15,3376
14,4033
13,4815
12,5876
11,7256
10,9137
9,11624
8,15031
7,20139
6,27569
5,40055
4,62574
3,112069
2,266280
