Fractal_Dimension,2.18229511222755
Coefficients,-2.18229511222755
,14.268661925304306
Size,Box_Count
20,2072
19,2333
18,2685
17,3068
16,3565
15,4204
14,4987
13,6010
12,7268
11,8990
10,11253
9,14170
8,18372
7,24536
6,33483
5,48013
4,74423
3,132244
2,310236
