Fractal_Dimension,2.60448673338057
Coefficients,-2.60448673338057
,15.836148743347499
Size,Box_Count
20,3011
19,3432
18,4002
17,4618
16,5443
15,6439
14,7766
13,9426
12,11736
11,14809
10,19101
9,25413
8,34685
7,49245
6,73601
5,117108
4,205197
3,421024
2,1164904
