Fractal_Dimension,2.06309141047227
Coefficients,-2.06309141047227
,14.361193306168136
Size,Box_Count
20,3097
19,3530
18,4042
17,4672
16,5446
15,6437
14,7581
13,9051
12,10940
11,13418
10,16639
9,20813
8,26517
7,34346
6,45608
5,63532
4,95131
3,161924
2,362463
