Fractal_Dimension,2.44912089269372
Coefficients,-2.44912089269372
,15.347164429384009
Size,Box_Count
20,2811
19,3223
18,3683
17,4293
16,5027
15,5957
14,7180
13,8747
12,10743
11,13549
10,17418
9,22772
8,30705
7,42812
6,61904
5,94225
4,155289
3,294843
2,743907
