Fractal_Dimension,2.46991086447211
Coefficients,-2.46991086447211
,15.08110443398818
Size,Box_Count
20,2080
19,2337
18,2721
17,3111
16,3677
15,4301
14,5181
13,6295
12,7764
11,9755
10,12533
9,16458
8,22249
7,31115
6,45190
5,69485
4,116071
3,223691
2,574018
