Fractal_Dimension,2.29150954436659
Coefficients,-2.29150954436659
,14.268353051314802
Size,Box_Count
20,1514
19,1734
18,1994
17,2297
16,2667
15,3136
14,3725
13,4449
12,5471
11,6747
10,8513
9,10981
8,14462
7,19554
6,27347
5,40339
4,64256
3,118920
2,293545
