Fractal_Dimension,2.61629985519875
Coefficients,-2.61629985519875
,15.433508093222828
Size,Box_Count
20,2000
19,2241
18,2616
17,3047
16,3546
15,4182
14,4995
13,6075
12,7541
11,9454
10,12177
9,16179
8,22241
7,31640
6,47750
5,76925
4,136496
3,282527
2,785436
