Fractal_Dimension,2.55163764675199
Coefficients,-2.55163764675199
,15.80450475652626
Size,Box_Count
20,3367
19,3837
18,4431
17,5165
16,6042
15,7176
14,8602
13,10523
12,12961
11,16440
10,21144
9,28009
8,38272
7,54071
6,80022
5,125625
4,215086
3,426332
2,1125957
