Fractal_Dimension,2.03373253455414
Coefficients,-2.03373253455414
,13.836672539956831
Size,Box_Count
20,1978
19,2255
18,2559
17,2961
16,3453
15,4094
14,4822
13,5781
12,7016
11,8570
10,10730
9,13480
8,17124
7,21842
6,28980
5,39856
4,58506
3,97833
2,211431
