Fractal_Dimension,2.17522820349196
Coefficients,-2.17522820349196
,14.59795342646759
Size,Box_Count
20,2785
19,3177
18,3630
17,4214
16,4934
15,5870
14,7007
13,8528
12,10444
11,13034
10,16516
9,21297
8,27795
7,36801
6,49870
5,69849
4,105322
3,177245
2,388721
