Fractal_Dimension,2.29903145992816
Coefficients,-2.29903145992816
,15.115940898266814
Size,Box_Count
20,3356
19,3870
18,4431
17,5153
16,6038
15,7157
14,8513
13,10301
12,12694
11,15901
10,20091
9,25811
8,34081
7,45798
6,63989
5,93457
4,148268
3,270113
2,656397
