Fractal_Dimension,2.4773844721176
Coefficients,-2.4773844721176
,15.284120201255295
Size,Box_Count
20,2522
19,2862
18,3282
17,3770
16,4439
15,5235
14,6311
13,7622
12,9342
11,11637
10,14899
9,19512
8,26174
7,36423
6,52863
5,81999
4,139214
3,275993
2,739745
