Fractal_Dimension,2.08279171407003
Coefficients,-2.08279171407003
,13.831817907750729
Size,Box_Count
20,1690
19,1925
18,2206
17,2536
16,2993
15,3485
14,4144
13,5030
12,6166
11,7632
10,9621
9,12141
8,15710
7,20334
6,27226
5,37766
4,54991
3,91137
2,193258
