Fractal_Dimension,2.32200493709057
Coefficients,-2.32200493709057
,14.777687433660907
Size,Box_Count
20,2269
19,2601
18,2990
17,3457
16,4033
15,4739
14,5686
13,6828
12,8383
11,10523
10,13348
9,17454
8,23160
7,31652
6,44686
5,65763
4,104152
3,188578
2,448497
