Fractal_Dimension,2.09582649782134
Coefficients,-2.09582649782134
,14.278967490110348
Size,Box_Count
20,2644
19,2975
18,3414
17,3954
16,4601
15,5401
14,6436
13,7740
12,9286
11,11405
10,14117
9,17674
8,22424
7,28948
6,38614
5,54526
4,82840
3,145907
2,339940
