Fractal_Dimension,2.60097574001941
Coefficients,-2.60097574001941
,15.651223645824471
Size,Box_Count
20,2577
19,2962
18,3387
17,3900
16,4542
15,5391
14,6464
13,7902
12,9733
11,12230
10,15867
9,21029
8,28723
7,40884
6,61211
5,97883
4,172029
3,354494
2,985022
