Fractal_Dimension,2.56483632856266
Coefficients,-2.56483632856266
,15.446128294815386
Size,Box_Count
20,2336
19,2679
18,3092
17,3533
16,4126
15,4852
14,5830
13,7032
12,8695
11,10903
10,13960
9,18508
8,25040
7,35427
6,52631
5,83567
4,146387
3,300795
2,840799
