Fractal_Dimension,2.21265050689917
Coefficients,-2.21265050689917
,14.784092324355711
Size,Box_Count
20,3134
19,3554
18,4113
17,4735
16,5563
15,6534
14,7755
13,9321
12,11363
11,13992
10,17511
9,22169
8,28933
7,38267
6,52526
5,76076
4,118656
3,214501
2,515775
