Fractal_Dimension,2.46739543901228
Coefficients,-2.46739543901228
,15.012057215813497
Size,Box_Count
20,1949
19,2216
18,2568
17,2959
16,3436
15,4034
14,4916
13,5911
12,7311
11,9127
10,11693
9,15354
8,20765
7,28937
6,42127
5,64848
4,108483
3,209989
2,543428
