Fractal_Dimension,2.51973050956645
Coefficients,-2.51973050956645
,15.175850066024266
Size,Box_Count
20,2022
19,2270
18,2610
17,3023
16,3536
15,4194
14,4986
13,6040
12,7476
11,9322
10,11950
9,15839
8,21551
7,30436
6,44894
5,70387
4,120354
3,237734
2,623325
