Fractal_Dimension,2.26207416289676
Coefficients,-2.26207416289676
,14.441381542028674
Size,Box_Count
20,1925
19,2160
18,2496
17,2887
16,3367
15,3977
14,4744
13,5725
12,6991
11,8718
10,11045
9,14477
8,19204
7,26024
6,36246
5,52756
4,81444
3,142025
2,319183
