Fractal_Dimension,2.11167816000639
Coefficients,-2.11167816000639
,14.037221102506768
Size,Box_Count
20,1957
19,2209
18,2557
17,2943
16,3415
15,4017
14,4760
13,5763
12,6958
11,8605
10,10681
9,13520
8,17417
7,22876
6,31014
5,43423
4,65230
3,111247
2,244817
