Fractal_Dimension,2.46701100356787
Coefficients,-2.46701100356787
,15.037642512793532
Size,Box_Count
20,2024
19,2303
18,2668
17,3090
16,3585
15,4223
14,4991
13,6056
12,7490
11,9329
10,11905
9,15555
8,20790
7,28936
6,42287
5,65231
4,110394
3,218518
2,583890
