Fractal_Dimension,2.04581467320049
Coefficients,-2.04581467320049
,13.812405576232322
Size,Box_Count
20,1870
19,2159
18,2475
17,2847
16,3254
15,3860
14,4550
13,5449
12,6619
11,8085
10,10028
9,12548
8,15902
7,20649
6,27504
5,37799
4,56235
3,95326
2,209739
