Fractal_Dimension,2.57745487486341
Coefficients,-2.57745487486341
,15.68581385602441
Size,Box_Count
20,2806
19,3210
18,3689
17,4312
16,5052
15,5969
14,7154
13,8713
12,10744
11,13577
10,17541
9,23149
8,31623
7,44836
6,66535
5,105537
4,183470
3,372425
2,1018761
