Fractal_Dimension,2.6271953316918
Coefficients,-2.6271953316918
,15.391547104046886
Size,Box_Count
20,1877
19,2115
18,2431
17,2820
16,3304
15,3890
14,4681
13,5688
12,7003
11,8845
10,11349
9,15021
8,20663
7,29455
6,44411
5,71682
4,128073
3,268738
2,765773
