Fractal_Dimension,2.34199333706918
Coefficients,-2.34199333706918
,14.740403486211537
Size,Box_Count
20,2109
19,2412
18,2768
17,3202
16,3730
15,4325
14,5206
13,6276
12,7718
11,9544
10,12080
9,15631
8,20802
7,28360
6,40149
5,59932
4,97008
3,181398
2,451714
