Fractal_Dimension,2.03464520368948
Coefficients,-2.03464520368948
,14.108809981782821
Size,Box_Count
20,2494
19,2851
18,3258
17,3749
16,4393
15,5202
14,6194
13,7554
12,9246
11,11467
10,14455
9,18416
8,23735
7,30925
6,40894
5,55174
4,78450
3,123480
2,243898
