Fractal_Dimension,2.38286114070647
Coefficients,-2.38286114070647
,14.892539782779833
Size,Box_Count
20,2168
19,2490
18,2852
17,3300
16,3826
15,4559
14,5434
13,6532
12,8046
11,10114
10,12889
9,16748
8,22302
7,30822
6,43892
5,65786
4,107434
3,201221
2,501997
