Fractal_Dimension,2.26287392149621
Coefficients,-2.26287392149621
,14.549664288695583
Size,Box_Count
20,2148
19,2448
18,2798
17,3228
16,3754
15,4456
14,5314
13,6366
12,7807
11,9744
10,12401
9,15872
8,20918
7,28280
6,39207
5,56919
4,89313
3,159228
2,375179
