Fractal_Dimension,2.21031512722221
Coefficients,-2.21031512722221
,13.508327380633217
Size,Box_Count
20,913
19,1031
18,1156
17,1352
16,1562
15,1808
14,2136
13,2555
12,3082
11,3862
10,4762
9,6159
8,8074
7,10812
6,15139
5,22050
4,34258
3,60937
2,139154
