Fractal_Dimension,2.58121186150192
Coefficients,-2.58121186150192
,15.925480922145372
Size,Box_Count
20,3477
19,3991
18,4573
17,5337
16,6252
15,7508
14,8992
13,10975
12,13625
11,17272
10,22377
9,29616
8,40521
7,57679
6,85732
5,135435
4,233273
3,465679
2,1241707
