Fractal_Dimension,2.01160957066464
Coefficients,-2.01160957066464
,13.556538742819447
Size,Box_Count
20,1571
19,1805
18,2060
17,2395
16,2763
15,3258
14,3868
13,4629
12,5627
11,6922
10,8515
9,10697
8,13556
7,17539
6,22976
5,31403
4,45708
3,75368
2,159484
