Fractal_Dimension,2.52240354227446
Coefficients,-2.52240354227446
,15.028868332646109
Size,Box_Count
20,1725
19,1977
18,2255
17,2621
16,3062
15,3579
14,4288
13,5206
12,6401
11,8006
10,10238
9,13503
8,18270
7,25690
6,37684
5,59331
4,102346
3,205779
2,558797
