Fractal_Dimension,2.59102979389912
Coefficients,-2.59102979389912
,15.234630426943875
Size,Box_Count
20,1763
19,2026
18,2307
17,2674
16,3123
15,3658
14,4391
13,5337
12,6573
11,8267
10,10598
9,14043
8,19066
7,27029
6,40276
5,64606
4,114469
3,238379
2,674635
