Fractal_Dimension,2.17380939476635
Coefficients,-2.17380939476635
,14.764039357518826
Size,Box_Count
20,3389
19,3900
18,4410
17,5134
16,6015
15,7050
14,8517
13,10204
12,12427
11,15230
10,19022
9,24093
8,30982
7,40839
6,55579
5,78983
4,121944
3,217447
2,512952
