Fractal_Dimension,2.22342316849337
Coefficients,-2.22342316849337
,14.258474712872578
Size,Box_Count
20,1816
19,2091
18,2359
17,2726
16,3162
15,3748
14,4426
13,5309
12,6448
11,8028
10,10026
9,12828
8,16647
7,22134
6,30462
5,44153
4,69286
3,125740
2,304764
