Fractal_Dimension,2.29924094993365
Coefficients,-2.29924094993365
,14.49035894012005
Size,Box_Count
20,1830
19,2065
18,2362
17,2722
16,3216
15,3779
14,4491
13,5434
12,6706
11,8327
10,10661
9,13862
8,18499
7,25138
6,35372
5,51858
4,81042
3,144082
2,332583
