Fractal_Dimension,2.52862980830952
Coefficients,-2.52862980830952
,15.217018204042784
Size,Box_Count
20,2069
19,2343
18,2682
17,3121
16,3627
15,4288
14,5120
13,6204
12,7598
11,9498
10,12188
9,15943
8,21552
7,30248
6,44413
5,69948
4,121527
3,248059
2,689303
