Fractal_Dimension,2.50046959763711
Coefficients,-2.50046959763711
,14.891946274263285
Size,Box_Count
20,1655
19,1866
18,2116
17,2419
16,2815
15,3296
14,3927
13,4753
12,5819
11,7331
10,9334
9,12266
8,16568
7,23264
6,34272
5,53928
4,92729
3,185220
2,495013
