Fractal_Dimension,2.01404578915905
Coefficients,-2.01404578915905
,13.500302080914604
Size,Box_Count
20,1513
19,1705
18,1935
17,2219
16,2579
15,3003
14,3585
13,4275
12,5186
11,6428
10,7990
9,10044
8,12922
7,16869
6,22245
5,30484
4,44128
3,70764
2,143908
