Fractal_Dimension,2.35175566133573
Coefficients,-2.35175566133573
,14.461067823584877
Size,Box_Count
20,1603
19,1792
18,2036
17,2340
16,2738
15,3167
14,3792
13,4565
12,5581
11,7000
10,8858
9,11527
8,15375
7,21195
6,30164
5,45252
4,73780
3,136252
2,333603
