Fractal_Dimension,2.08085206043598
Coefficients,-2.08085206043598
,14.090314132587173
Size,Box_Count
20,2241
19,2566
18,2924
17,3358
16,3897
15,4602
14,5483
13,6597
12,8006
11,9823
10,12237
9,15400
8,19710
7,25768
6,34235
5,47350
4,70869
3,120569
2,267214
