Fractal_Dimension,2.5849602641421
Coefficients,-2.5849602641421
,15.221463376285294
Size,Box_Count
20,1797
19,2023
18,2314
17,2680
16,3111
15,3669
14,4387
13,5316
12,6590
11,8248
10,10592
9,13982
8,19056
7,27130
6,40716
5,65152
4,114899
3,236928
2,657387
