Fractal_Dimension,2.33598723740291
Coefficients,-2.33598723740291
,14.502761326180424
Size,Box_Count
20,1699
19,1906
18,2199
17,2531
16,2940
15,3466
14,4099
13,4992
12,6130
11,7646
10,9781
9,12723
8,16945
7,23244
6,33025
5,49079
4,77979
3,141877
2,339901
