Fractal_Dimension,2.22624585657555
Coefficients,-2.22624585657555
,13.527249201126612
Size,Box_Count
20,920
19,1020
18,1190
17,1340
16,1535
15,1771
14,2090
13,2486
12,3013
11,3694
10,4613
9,5877
8,7645
7,10251
6,14352
5,21124
4,33964
3,62411
2,152261
