Fractal_Dimension,2.52594133678524
Coefficients,-2.52594133678524
,15.084168703123263
Size,Box_Count
20,1825
19,2054
18,2375
17,2714
16,3181
15,3727
14,4476
13,5434
12,6691
11,8420
10,10799
9,14146
8,19218
7,27002
6,39904
5,62793
4,108011
3,216394
2,582836
