Fractal_Dimension,2.16069600961136
Coefficients,-2.16069600961136
,13.832039412764198
Size,Box_Count
20,1388
19,1581
18,1803
17,2087
16,2428
15,2846
14,3388
13,4032
12,4969
11,6136
10,7697
9,9918
8,12923
7,17188
6,23514
5,33423
4,50467
3,85690
2,187490
