Fractal_Dimension,2.41599860250805
Coefficients,-2.41599860250805
,14.559442378831445
Size,Box_Count
20,1450
19,1644
18,1884
17,2165
16,2535
15,2961
14,3562
13,4242
12,5290
11,6560
10,8357
9,10950
8,14741
7,20456
6,29418
5,44991
4,74430
3,141329
2,355135
