Fractal_Dimension,1.93216062292599
Coefficients,-1.93216062292599
,13.94872496026231
Size,Box_Count
20,2847
19,3281
18,3763
17,4356
16,5061
15,5963
14,7087
13,8484
12,10278
11,12591
10,15485
9,19273
8,24373
7,30910
6,40087
5,53765
4,76312
3,119469
2,236220
