Fractal_Dimension,2.51538702472321
Coefficients,-2.51538702472321
,15.767040446308416
Size,Box_Count
20,3650
19,4176
18,4820
17,5536
16,6476
15,7639
14,9224
13,11159
12,13712
11,17222
10,21957
9,28989
8,38866
7,54497
6,79931
5,124975
4,214531
3,432061
2,1173071
