Fractal_Dimension,2.34533152515551
Coefficients,-2.34533152515551
,14.597828996333043
Size,Box_Count
20,1809
19,2050
18,2331
17,2731
16,3162
15,3742
14,4463
13,5371
12,6579
11,8237
10,10453
9,13646
8,18167
7,24860
6,35373
5,52817
4,84753
3,155693
2,374269
