Fractal_Dimension,2.29503468883585
Coefficients,-2.29503468883585
,15.314678248034026
Size,Box_Count
20,4367
19,4977
18,5708
17,6621
16,7683
15,9044
14,10712
13,12836
12,15483
11,18845
10,23539
9,29768
8,38827
7,52109
6,73317
5,109452
4,180365
3,348151
2,912005
