Fractal_Dimension,2.44039133755512
Coefficients,-2.44039133755512
,15.508984822553762
Size,Box_Count
20,3414
19,3941
18,4525
17,5253
16,6138
15,7229
14,8664
13,10489
12,12977
11,16185
10,20684
9,26926
8,36041
7,49726
6,71591
5,109202
4,182068
3,354772
2,931806
