Fractal_Dimension,2.52508366787425
Coefficients,-2.52508366787425
,15.373083810611162
Size,Box_Count
20,2391
19,2722
18,3117
17,3625
16,4236
15,5020
14,5992
13,7305
12,8986
11,11308
10,14589
9,19186
8,26062
7,36727
6,54005
5,84409
4,144302
3,286286
2,759882
