Fractal_Dimension,2.44975631937424
Coefficients,-2.44975631937424
,15.4395868832789
Size,Box_Count
20,3033
19,3503
18,4024
17,4668
16,5502
15,6506
14,7825
13,9582
12,11840
11,14942
10,19204
9,25260
8,34055
7,47229
6,68132
5,103447
4,170288
3,320683
2,804479
