Fractal_Dimension,2.22080292251064
Coefficients,-2.22080292251064
,14.320614838075803
Size,Box_Count
20,2027
19,2302
18,2620
17,3029
16,3567
15,4176
14,4839
13,5721
12,6828
11,8360
10,10267
9,12907
8,16591
7,21851
6,30324
5,44959
4,73347
3,140884
2,367406
