Fractal_Dimension,2.08727927039845
Coefficients,-2.08727927039845
,13.867417895656178
Size,Box_Count
20,2002
19,2225
18,2529
17,2884
16,3267
15,3759
14,4346
13,5027
12,5998
11,7150
10,8699
9,10797
8,13622
7,17660
6,24118
5,34980
4,56003
3,105196
2,268099
