Fractal_Dimension,2.26023330280165
Coefficients,-2.26023330280165
,14.548449651970747
Size,Box_Count
20,2287
19,2591
18,2951
17,3411
16,3943
15,4621
14,5380
13,6464
12,7760
11,9465
10,11734
9,14913
8,19434
7,25905
6,36280
5,53783
4,88114
3,168591
2,436942
