Fractal_Dimension,2.07522855728481
Coefficients,-2.07522855728481
,13.328529445360985
Size,Box_Count
20,1232
19,1356
18,1572
17,1759
16,1995
15,2276
14,2593
13,3021
12,3571
11,4230
10,5147
9,6294
8,7985
7,10407
6,14211
5,20804
4,33320
3,62858
2,161999
