Fractal_Dimension,2.50781816634899
Coefficients,-2.50781816634899
,15.117971989532023
Size,Box_Count
20,1957
19,2241
18,2562
17,2936
16,3440
15,4055
14,4851
13,5903
12,7279
11,9164
10,11715
9,15400
8,20783
7,29259
6,43153
5,67089
4,114580
3,226742
2,599536
