Fractal_Dimension,2.50106921469788
Coefficients,-2.50106921469788
,15.699882727819102
Size,Box_Count
20,3444
19,3948
18,4518
17,5262
16,6193
15,7388
14,8836
13,10803
12,13388
11,16971
10,21931
9,28901
8,39265
7,55097
6,80514
5,124478
4,207088
3,397352
2,1010458
