Fractal_Dimension,2.05014611326476
Coefficients,-2.05014611326476
,13.09511618351098
Size,Box_Count
20,1027
19,1147
18,1315
17,1478
16,1699
15,1919
14,2228
13,2606
12,3025
11,3606
10,4346
9,5323
8,6704
7,8684
6,11830
5,17078
4,27235
3,50831
2,129043
