Fractal_Dimension,2.25679140844548
Coefficients,-2.25679140844548
,14.214114675678848
Size,Box_Count
20,1655
19,1891
18,2165
17,2496
16,2859
15,3324
14,3945
13,4640
12,5563
11,6823
10,8375
9,10631
8,13847
7,18406
6,25865
5,38576
4,63304
3,121857
2,320162
