Fractal_Dimension,2.41902799860456
Coefficients,-2.41902799860456
,15.007243877171183
Size,Box_Count
20,2229
19,2511
18,2886
17,3373
16,3942
15,4660
14,5548
13,6711
12,8236
11,10285
10,13147
9,17052
8,22880
7,31597
6,45511
5,69136
4,114161
3,219635
2,563885
