Fractal_Dimension,2.26779026137155
Coefficients,-2.26779026137155
,14.503088837041842
Size,Box_Count
20,2132
19,2394
18,2744
17,3154
16,3656
15,4301
14,5125
13,6107
12,7383
11,9073
10,11131
9,14055
8,18192
7,24289
6,34021
5,50460
4,82682
3,159352
2,417241
