Fractal_Dimension,2.18341115809603
Coefficients,-2.18341115809603
,14.282755932038278
Size,Box_Count
20,2165
19,2472
18,2832
17,3253
16,3742
15,4364
14,5177
13,6131
12,7335
11,8776
10,10846
9,13459
8,17236
7,22801
6,31330
5,46004
4,74312
3,140589
2,361770
