Fractal_Dimension,2.10726006595981
Coefficients,-2.10726006595981
,13.952315920106253
Size,Box_Count
20,1946
19,2201
18,2518
17,2917
16,3339
15,3912
14,4559
13,5421
12,6388
11,7661
10,9191
9,11447
8,14436
7,18827
6,25623
5,36941
4,58800
3,110003
2,278576
