Fractal_Dimension,2.60400403782815
Coefficients,-2.60400403782815
,15.693426641070632
Size,Box_Count
20,2654
19,3020
18,3476
17,4043
16,4748
15,5643
14,6699
13,8138
12,10139
11,12764
10,16411
9,21735
8,29758
7,42378
6,63382
5,101316
4,178643
3,368704
2,1024925
