Fractal_Dimension,2.0226437701766
Coefficients,-2.0226437701766
,13.220409375248723
Size,Box_Count
20,1177
19,1326
18,1530
17,1747
16,1989
15,2322
14,2753
13,3226
12,3828
11,4563
10,5568
9,6863
8,8577
7,10987
6,14598
5,20720
4,31949
3,56650
2,135090
