Fractal_Dimension,2.27357730383557
Coefficients,-2.27357730383557
,14.111058897088968
Size,Box_Count
20,1392
19,1593
18,1821
17,2080
16,2434
15,2830
14,3386
13,3997
12,4926
11,5967
10,7465
9,9529
8,12403
7,16622
6,23217
5,34486
4,56095
3,106127
2,269139
