Fractal_Dimension,2.09857319660079
Coefficients,-2.09857319660079
,14.336850961655424
Size,Box_Count
20,3147
19,3506
18,3976
17,4508
16,5106
15,5944
14,6731
13,7877
12,9224
11,10922
10,13259
9,16437
8,20719
7,27058
6,37232
5,54512
4,88241
3,168721
2,440611
