Fractal_Dimension,2.1156815040164
Coefficients,-2.1156815040164
,13.670818889398268
Size,Box_Count
20,1458
19,1652
18,1876
17,2139
16,2483
15,2870
14,3348
13,3891
12,4636
11,5568
10,6797
9,8401
8,10686
7,14015
6,19207
5,27943
4,44318
3,82635
2,207294
