Fractal_Dimension,2.02066616280507
Coefficients,-2.02066616280507
,14.15562662054104
Size,Box_Count
20,3264
19,3664
18,4127
17,4711
16,5314
15,6073
14,6905
13,8054
12,9369
11,11137
10,13269
9,16302
8,20420
7,26448
6,35828
5,51411
4,81686
3,152403
2,386739
