Fractal_Dimension,2.4525034751895
Coefficients,-2.4525034751895
,15.191106476360181
Size,Box_Count
256,6
128,26
64,138
32,698
16,3936
8,23870
4,139458
2,807465
