Fractal_Dimension,2.4894869602414
Coefficients,-2.4894869602414
,15.758917172561114
Size,Box_Count
256,8
128,43
64,209
32,1042
16,6139
8,39519
4,239239
2,1364612
