Fractal_Dimension,2.47609017232136
Coefficients,-2.47609017232136
,15.518692581726238
Size,Box_Count
256,8
128,29
64,165
32,894
16,5262
8,33501
4,192908
2,1042330
