Fractal_Dimension,2.51388136985871
Coefficients,-2.51388136985871
,15.375961159093288
Size,Box_Count
128,24
64,143
32,763
16,4233
8,26002
4,150376
2,827669
