Fractal_Dimension,2.53626726015368
Coefficients,-2.53626726015368
,15.558816291757916
Size,Box_Count
128,24
64,163
32,856
16,4977
8,31152
4,173034
2,930054
