Fractal_Dimension,2.44381743377418
Coefficients,-2.44381743377418
,14.442341438522202
Size,Box_Count
128,12
64,80
32,394
16,2091
8,12255
4,64926
2,322259
