Fractal_Dimension,2.41170419224866
Coefficients,-2.41170419224866
,15.03151222445267
Size,Box_Count
256,6
128,30
64,140
32,666
16,3692
8,21982
4,125726
2,716742
