Fractal_Dimension,2.34596147530432
Coefficients,-2.34596147530432
,14.683247982996953
Size,Box_Count
256,8
128,26
64,115
32,531
16,2905
8,17603
4,103169
2,582531
