Fractal_Dimension,2.39714299466329
Coefficients,-2.39714299466329
,14.878117040713944
Size,Box_Count
256,6
128,27
64,125
32,568
16,3220
8,19463
4,112610
2,637422
