Fractal_Dimension,2.49263146493005
Coefficients,-2.49263146493005
,15.24507859457139
Size,Box_Count
256,5
128,21
64,127
32,678
16,3831
8,23927
4,140021
2,775114
