Fractal_Dimension,2.50224888672148
Coefficients,-2.50224888672148
,15.390595613396892
Size,Box_Count
128,30
64,144
32,732
16,4179
8,25985
4,156891
2,924511
