Fractal_Dimension,2.51969127724041
Coefficients,-2.51969127724041
,15.167500254329532
Size,Box_Count
128,19
64,120
32,592
16,3256
8,20007
4,120217
2,704642
