Fractal_Dimension,2.37625244325482
Coefficients,-2.37625244325482
,15.05877672301292
Size,Box_Count
256,8
128,37
64,159
32,735
16,4067
8,24376
4,137845
2,782182
