Fractal_Dimension,2.43886372762619
Coefficients,-2.43886372762619
,14.73492005998326
Size,Box_Count
128,21
64,95
32,482
16,2631
8,15701
4,89470
2,487028
