Percent scale (BV5),Fractal Dimension
0.7,2.19060564599
0.8,2.22705796337
0.9,2.2584645508
1.0,2.28626560386
1.1,2.31052705272
1.2,2.33198544029
1.3,2.35006652696
