Percent scale (BV5),Fractal Dimension
0.7,2.158983529
0.8,2.19644415694
0.9,2.22911411255
1.0,2.25875685723
1.1,2.27948504179
1.2,2.3014921971
1.3,2.32259460533
