Percent scale (BV5),Fractal Dimension
0.7,2.2247992923
0.8,2.26157887805
0.9,2.29344984477
1.0,2.3219643776
1.1,2.34423910718
1.2,2.36579171252
1.3,2.38510186357
