Percent scale (BV5),Fractal Dimension
0.7,2.12549431535
0.8,2.16267385452
0.9,2.19509610104
1.0,2.22331167098
1.1,2.24927787395
1.2,2.27143925937
1.3,2.29194269113
