Percent scale (BV5),Fractal Dimension
0.7,2.16285017524
0.8,2.20015655442
0.9,2.23282707473
1.0,2.25849292495
1.1,2.28474541471
1.2,2.30780509616
1.3,2.32896935291
