Percent scale (BV5),Fractal Dimension
0.7,2.07446545294
0.8,2.11186587324
0.9,2.14472109395
1.0,2.16853278739
1.1,2.19073380962
1.2,2.2145701906
1.3,2.23626356215
