Percent scale (BV5),Fractal Dimension
0.7,2.07902723078
0.8,2.11618181991
0.9,2.14915355768
1.0,2.17868262281
1.1,2.20484249974
1.2,2.22782670871
1.3,2.24691269588
