Percent scale (BV5),Fractal Dimension
0.7,2.0403966151
0.8,2.0767994425
0.9,2.10878662091
1.0,2.13825551509
1.1,2.16411831418
1.2,2.18658656496
1.3,2.2062842245
