Percent scale (BV5),Fractal Dimension
0.7,1.98639270399
0.8,2.02460232901
0.9,2.05904188628
1.0,2.08864480981
1.1,2.11527254442
1.2,2.13910500896
1.3,2.1576858655
