Percent scale (BV5),Fractal Dimension
0.9,2.29344984477
0.93,2.30233010684
0.96,2.31095136509
1.0,2.3219643776
1.03,2.32973494936
1.06,2.33486729379
1.1,2.34423910718
