Percent scale (BV5),Fractal Dimension
0.9,2.2584645508
0.93,2.26711395438
0.96,2.27547957835
1.0,2.28626560386
1.03,2.29376217259
1.06,2.30100243438
1.1,2.31052705272
