Percent scale (BV5),Fractal Dimension
0.9,2.22911411255
0.93,2.23835809131
0.96,2.24738822634
1.0,2.25875685723
1.03,2.26695721735
1.06,2.27019326652
1.1,2.27948504179
