Percent scale (BV5),Fractal Dimension
0.9,2.14472109395
0.93,2.14876340131
0.96,2.15773829492
1.0,2.16853278739
1.03,2.17673241131
1.06,2.18479095912
1.1,2.19073380962
