Percent scale (BV5),Fractal Dimension
0.9,2.19509610104
0.93,2.20348453465
0.96,2.21206432911
1.0,2.22331167098
1.03,2.23168647717
1.06,2.23949884273
1.1,2.24927787395
