Percent scale (BV5),Fractal Dimension
0.9,2.23282707473
0.93,2.23872943586
0.96,2.24752771301
1.0,2.25849292495
1.03,2.26676973936
1.06,2.27472141275
1.1,2.28474541471
