Percent scale (BV5),Fractal Dimension
0.9,2.14915355768
0.93,2.1582815865
0.96,2.16711721854
1.0,2.17868262281
1.03,2.186776365
1.06,2.19470477044
1.1,2.20484249974
