Percent scale (BV5),Fractal Dimension
0.9,2.05904188628
0.93,2.06834325666
0.96,2.07737819226
1.0,2.08864480981
1.03,2.09697905365
1.06,2.10501380866
1.1,2.11527254442
