Percent scale (BV5),Fractal Dimension
0.9,2.10878662091
0.93,2.11779755368
0.96,2.1265111948
1.0,2.13825551509
1.03,2.14619990989
1.06,2.15406423619
1.1,2.16411831418
