Fractal_Dimension,2.32567783820656
Coefficients,-2.32567783820656
,14.926842394104701
Size,Box_Count
256,8
128,38
64,176
32,916
16,5147
8,25673
4,117052
2,599673
