Fractal_Dimension,2.35893993506409
Coefficients,-2.35893993506409
,15.150287358334122
Size,Box_Count
256,8
128,38
64,203
32,1064
16,6192
8,30661
4,137470
2,691087
