Fractal_Dimension,2.16495817365741
Coefficients,-2.16495817365741
,13.939559076446757
Size,Box_Count
256,7
128,30
64,133
32,632
16,3157
8,12670
4,52003
2,253686
