Fractal_Dimension,2.21873127822106
Coefficients,-2.21873127822106
,13.920958279232275
Size,Box_Count
256,6
128,23
64,99
32,448
16,2288
8,11042
4,51181
2,265088
