Fractal_Dimension,2.27009724284171
Coefficients,-2.27009724284171
,14.62054449727296
Size,Box_Count
256,8
128,36
64,169
32,829
16,4456
8,20039
4,91203
2,477623
