Fractal_Dimension,2.28705911699078
Coefficients,-2.28705911699078
,14.440746715098463
Size,Box_Count
256,6
128,26
64,136
32,678
16,3678
8,16736
4,73425
2,375189
