Fractal_Dimension,2.219609936594
Coefficients,-2.219609936594
,14.411844857599027
Size,Box_Count
256,8
128,39
64,165
32,863
16,4333
8,17842
4,76987
2,393993
