Fractal_Dimension,2.22752026824852
Coefficients,-2.22752026824852
,14.065995445800967
Size,Box_Count
128,24
64,121
32,587
16,2965
8,13428
4,55078
2,259077
