Fractal_Dimension,2.33305475640897
Coefficients,-2.33305475640897
,14.766232425354122
Size,Box_Count
256,7
128,30
64,146
32,745
16,4072
8,21148
4,100595
2,528766
