Fractal_Dimension,2.1280521250208
Coefficients,-2.1280521250208
,13.511223695999412
Size,Box_Count
256,6
128,23
64,103
32,461
16,2062
8,8323
4,36132
2,187090
