Fractal_Dimension,2.16222883073136
Coefficients,-2.16222883073136
,13.559749659077209
Size,Box_Count
128,22
64,95
32,413
16,2059
8,8514
4,36216
2,181386
