Fractal_Dimension,2.30759750061623
Coefficients,-2.30759750061623
,14.601521610085166
Size,Box_Count
256,7
128,28
64,137
32,678
16,3732
8,19536
4,89375
2,445722
