Fractal_Dimension,2.35031208335003
Coefficients,-2.35031208335003
,13.97948367565433
Size,Box_Count
104,22
103,23
102,24
101,25
100,25
99,25
98,25
97,25
96,26
95,26
94,27
93,29
92,28
91,29
90,30
89,31
88,34
87,35
86,37
85,40
84,41
83,41
82,41
81,41
80,41
79,44
78,45
77,44
76,46
75,47
74,49
73,51
72,53
71,55
70,56
69,57
68,58
67,59
66,59
65,62
64,66
63,70
62,74
61,75
60,77
59,80
58,78
57,84
56,88
55,91
54,93
53,98
52,104
51,112
50,120
49,122
48,124
47,131
46,136
45,142
44,147
43,159
42,173
41,186
40,196
39,198
38,206
37,230
36,245
35,258
34,276
33,299
32,326
31,348
30,363
29,397
28,439
27,476
26,525
25,571
24,636
23,698
22,784
21,881
20,983
19,1121
18,1292
17,1488
16,1733
15,2066
14,2427
13,2978
12,3646
11,4538
10,5742
9,7490
8,9966
7,13724
6,19420
5,29192
4,47943
3,89911
2,224768
