Fractal_Dimension,2.35543567513174
Coefficients,-2.35543567513174
,14.209055226522079
Size,Box_Count
92,35
91,37
90,39
89,41
88,41
87,43
86,43
85,43
84,45
83,44
82,45
81,49
80,51
79,55
78,58
77,63
76,63
75,62
74,61
73,62
72,65
71,70
70,72
69,72
68,70
67,73
66,75
65,77
64,77
63,78
62,83
61,89
60,94
59,95
58,101
57,109
56,118
55,122
54,122
53,125
52,131
51,140
50,149
49,150
48,154
47,159
46,164
45,175
44,197
43,209
42,223
41,226
40,237
39,254
38,266
37,274
36,293
35,321
34,355
33,378
32,395
31,425
30,458
29,488
28,558
27,600
26,650
25,726
24,796
23,879
22,983
21,1098
20,1254
19,1420
18,1622
17,1896
16,2169
15,2553
14,3065
13,3718
12,4507
11,5618
10,7116
9,9110
8,12070
7,16474
6,23455
5,35024
4,57377
3,109357
2,281550
