Fractal_Dimension,2.42254629415692
Coefficients,-2.42254629415692
,14.50471537356416
Size,Box_Count
114,19
113,21
112,22
111,22
110,22
109,22
108,23
107,24
106,25
105,26
104,27
103,28
102,28
101,28
100,28
99,29
98,29
97,30
96,33
95,33
94,38
93,38
92,39
91,40
90,40
89,40
88,41
87,45
86,45
85,45
84,46
83,48
82,48
81,48
80,50
79,51
78,50
77,51
76,53
75,56
74,58
73,60
72,62
71,67
70,71
69,74
68,76
67,78
66,79
65,82
64,85
63,87
62,90
61,95
60,94
59,94
58,101
57,109
56,114
55,119
54,127
53,128
52,138
51,144
50,146
49,151
48,163
47,177
46,176
45,186
44,198
43,215
42,225
41,237
40,250
39,265
38,277
37,294
36,317
35,347
34,368
33,380
32,421
31,462
30,493
29,523
28,580
27,636
26,690
25,766
24,852
23,940
22,1065
21,1180
20,1352
19,1543
18,1766
17,2045
16,2408
15,2853
14,3422
13,4124
12,5138
11,6426
10,8290
9,10904
8,14655
7,20413
6,29455
5,44496
4,72718
3,136429
2,339539
