Fractal_Dimension,2.42286013182533
Coefficients,-2.42286013182533
,14.449636395920512
Size,Box_Count
101,25
100,25
99,26
98,28
97,31
96,35
95,35
94,36
93,38
92,38
91,38
90,38
89,37
88,38
87,40
86,40
85,42
84,43
83,43
82,45
81,44
80,45
79,48
78,48
77,48
76,50
75,51
74,54
73,59
72,62
71,61
70,63
69,65
68,65
67,68
66,72
65,77
64,81
63,83
62,87
61,87
60,87
59,91
58,99
57,103
56,107
55,115
54,121
53,125
52,125
51,130
50,136
49,145
48,159
47,163
46,168
45,181
44,185
43,196
42,208
41,224
40,238
39,249
38,259
37,285
36,310
35,327
34,342
33,376
32,412
31,442
30,467
29,520
28,560
27,620
26,681
25,753
24,830
23,923
22,1025
21,1162
20,1309
19,1469
18,1704
17,1964
16,2308
15,2734
14,3269
13,3995
12,4939
11,6160
10,7870
9,10299
8,13792
7,18988
6,27089
5,40775
4,66086
3,123763
2,309068
