Fractal_Dimension,2.38134224896331
Coefficients,-2.38134224896331
,13.782614596361118
Size,Box_Count
91,20
90,22
89,22
88,22
87,22
86,24
85,26
84,26
83,27
82,29
81,31
80,32
79,32
78,33
77,37
76,37
75,38
74,39
73,39
72,40
71,41
70,41
69,41
68,41
67,43
66,47
65,47
64,49
63,47
62,48
61,52
60,58
59,60
58,62
57,62
56,67
55,71
54,73
53,74
52,76
51,80
50,81
49,90
48,97
47,100
46,104
45,112
44,116
43,121
42,124
41,130
40,140
39,150
38,161
37,173
36,175
35,191
34,204
33,230
32,240
31,242
30,275
29,298
28,313
27,358
26,382
25,417
24,469
23,516
22,583
21,634
20,725
19,807
18,930
17,1083
16,1271
15,1486
14,1730
13,2107
12,2602
11,3256
10,4102
9,5382
8,7315
7,10238
6,15090
5,23474
4,39749
3,77721
2,201071
