Fractal_Dimension,2.29455798589018
Coefficients,-2.29455798589018
,13.570390234529052
Size,Box_Count
20,760
19,858
18,992
17,1142
16,1317
15,1549
14,1837
13,2227
12,2707
11,3348
10,4166
9,5334
8,6979
7,9491
6,13318
5,19721
4,31843
3,59782
2,149723
