Fractal_Dimension,2.30913658063859
Coefficients,-2.30913658063859
,14.138645378649061
Size,Box_Count
20,1234
19,1426
18,1642
17,1889
16,2211
15,2605
14,3139
13,3806
12,4604
11,5763
10,7296
9,9453
8,12425
7,16880
6,23577
5,34551
4,55165
3,101442
2,246985
