Fractal_Dimension,2.40962047214784
Coefficients,-2.40962047214784
,15.2509858712903
Size,Box_Count
20,2849
19,3262
18,3753
17,4368
16,5090
15,6024
14,7260
13,8775
12,10810
11,13657
10,17377
9,22799
8,30484
7,41988
6,59948
5,90466
4,147940
3,278420
2,698940
