Fractal_Dimension,2.40674625031184
Coefficients,-2.40674625031184
,14.314195175434348
Size,Box_Count
20,1143
19,1331
18,1511
17,1747
16,2042
15,2382
14,2871
13,3450
12,4266
11,5290
10,6704
9,8754
8,11704
7,16138
6,23140
5,35120
4,58183
3,111684
2,286200
