Fractal_Dimension,2.43706619157937
Coefficients,-2.43706619157937
,14.587899343706631
Size,Box_Count
20,1375
19,1550
18,1771
17,2066
16,2422
15,2889
14,3433
13,4167
12,5177
11,6515
10,8397
9,11050
8,14881
7,20782
6,30102
5,45469
4,74778
3,139363
2,341039
