Fractal_Dimension,2.46398966816597
Coefficients,-2.46398966816597
,14.842541817645367
Size,Box_Count
20,1632
19,1855
18,2127
17,2489
16,2910
15,3448
14,4127
13,5031
12,6236
11,7857
10,10142
9,13347
8,18084
7,25281
6,36759
5,56422
4,92931
3,175219
2,434017
