Fractal_Dimension,2.43980483379474
Coefficients,-2.43980483379474
,14.176076432933675
Size,Box_Count
20,911
19,1061
18,1176
17,1381
16,1642
15,1895
14,2267
13,2756
12,3408
11,4241
10,5422
9,7084
8,9562
7,13193
6,19019
5,29119
4,48598
3,93710
2,242702
