Fractal_Dimension,2.36713407442476
Coefficients,-2.36713407442476
,13.946763842615859
Size,Box_Count
20,896
19,1019
18,1176
17,1353
16,1561
15,1848
14,2207
13,2655
12,3256
11,4047
10,5103
9,6684
8,8836
7,12128
6,17158
5,25830
4,42194
3,80235
2,204898
