Fractal_Dimension,2.34319236160445
Coefficients,-2.34319236160445
,13.736140846654463
Size,Box_Count
20,782
19,887
18,1015
17,1171
16,1347
15,1595
14,1887
13,2283
12,2789
11,3476
10,4406
9,5707
8,7511
7,10335
6,14680
5,21924
4,35593
3,66734
2,165936
