Fractal_Dimension,2.56173578765524
Coefficients,-2.56173578765524
,15.083432493597659
Size,Box_Count
20,1619
19,1854
18,2116
17,2476
16,2870
15,3395
14,4091
13,4997
12,6136
11,7715
10,9976
9,13087
8,17767
7,25180
6,37241
5,58810
4,101948
3,207788
2,572720
