Fractal_Dimension,2.1873767157783
Coefficients,-2.1873767157783
,14.235628977929476
Size,Box_Count
334,4
333,5
332,5
331,5
330,5
329,5
328,5
327,5
326,5
325,5
324,5
323,5
322,6
321,6
320,6
319,7
318,7
317,7
316,7
315,7
314,7
313,7
312,7
311,7
310,8
309,8
308,8
307,8
306,8
305,8
304,8
303,8
302,8
301,8
300,8
299,8
298,8
297,8
296,8
295,8
294,8
293,8
292,8
291,8
290,8
289,8
288,8
287,8
286,8
285,8
284,8
283,8
282,8
281,8
280,8
279,8
278,8
277,8
276,8
275,8
274,8
273,8
272,8
271,8
270,8
269,8
268,8
267,8
266,8
265,8
264,8
263,8
262,8
261,8
260,8
259,8
258,8
257,8
256,8
255,8
254,8
253,8
252,8
251,8
250,8
249,8
248,8
247,8
246,8
245,8
244,8
243,8
242,8
241,8
240,8
239,8
238,8
237,8
236,8
235,8
234,8
233,8
232,8
231,8
230,11
229,11
228,11
227,11
226,11
225,12
224,12
223,12
222,12
221,12
220,12
219,12
218,12
217,12
216,12
215,12
214,12
213,12
212,12
211,12
210,12
209,12
208,12
207,12
206,13
205,13
204,14
203,13
202,13
201,13
200,14
199,15
198,15
197,14
196,14
195,14
194,14
193,14
192,14
191,14
190,14
189,14
188,16
187,16
186,16
185,16
184,16
183,16
182,16
181,16
180,16
179,16
178,16
177,16
176,16
175,16
174,16
173,16
172,16
171,16
170,16
169,16
168,16
167,16
166,17
165,18
164,18
163,18
162,18
161,19
160,20
159,23
158,23
157,23
156,23
155,24
154,24
153,26
152,26
151,27
150,27
149,27
148,27
147,27
146,27
145,27
144,27
143,27
142,27
141,27
140,27
139,28
138,28
137,29
136,32
135,32
134,32
133,36
132,36
131,37
130,37
129,36
128,36
127,37
126,37
125,38
124,39
123,39
122,38
121,39
120,39
119,40
118,41
117,40
116,39
115,42
114,43
113,43
112,45
111,46
110,47
109,49
108,50
107,50
106,55
105,56
104,59
103,60
102,61
101,61
100,62
99,64
98,61
97,63
96,65
95,66
94,69
93,71
92,76
91,73
90,76
89,75
88,75
87,74
86,75
85,77
84,80
83,80
82,84
81,91
80,97
79,104
78,105
77,105
76,108
75,118
74,121
73,123
72,126
71,126
70,125
69,131
68,134
67,132
66,142
65,152
64,155
63,164
62,171
61,181
60,183
59,184
58,183
57,189
56,199
55,211
54,226
53,228
52,237
51,256
50,260
49,272
48,280
47,300
46,314
45,337
44,351
43,364
42,388
41,407
40,432
39,455
38,483
37,505
36,541
35,587
34,637
33,666
32,709
31,775
30,838
29,899
28,988
27,1078
26,1183
25,1285
24,1437
23,1589
22,1764
21,1965
20,2229
19,2541
18,2933
17,3359
16,3925
15,4586
14,5492
13,6613
12,8121
11,10079
10,12774
9,16774
8,22330
7,30496
6,43879
5,66685
4,110867
3,215007
2,562528
