Fractal_Dimension,2.46066637628132
Coefficients,-2.46066637628132
,15.65988040659341
Size,Box_Count
256,8
128,42
64,216
32,1139
16,6689
8,40500
4,215839
2,1141028
