Fractal_Dimension,2.41760825419047
Coefficients,-2.41760825419047
,15.014761901274158
Size,Box_Count
256,6
128,27
64,133
32,640
16,3564
8,21953
4,125711
2,683063
