Fractal_Dimension,2.41247731464085
Coefficients,-2.41247731464085
,15.37908795100604
Size,Box_Count
256,8
128,41
64,200
32,990
16,5561
8,33183
4,175332
2,924158
