Fractal_Dimension,2.29667389404814
Coefficients,-2.29667389404814
,14.305530406368574
Size,Box_Count
256,7
128,23
64,93
32,450
16,2348
8,13802
4,75108
2,396659
