Fractal_Dimension,2.40579917226008
Coefficients,-2.40579917226008
,15.187652351619615
Size,Box_Count
256,8
128,34
64,150
32,785
16,4543
8,27923
4,152270
2,801719
