Fractal_Dimension,2.32637807261632
Coefficients,-2.32637807261632
,14.051809911687588
Size,Box_Count
128,21
64,73
32,340
16,1697
8,9306
4,52240
2,299383
