Fractal_Dimension,2.37427716122989
Coefficients,-2.37427716122989
,14.933267186072758
Size,Box_Count
256,8
128,31
64,141
32,624
16,3403
8,20611
4,125131
2,743142
