Fractal_Dimension,2.43236181519357
Coefficients,-2.43236181519357
,14.823148863109743
Size,Box_Count
128,20
64,113
32,577
16,3216
8,18969
4,97181
2,471051
