Fractal_Dimension,2.16128342230181
Coefficients,-2.16128342230181
,13.792081695584418
Size,Box_Count
256,6
128,24
64,120
32,603
16,2913
8,11523
4,44748
2,200474
