Fractal_Dimension,2.28048381200798
Coefficients,-2.28048381200798
,13.380645626198095
Size,Box_Count
128,10
64,47
32,240
16,1250
8,5987
4,26311
2,128702
