Fractal_Dimension,2.01492709514018
Coefficients,-2.01492709514018
,11.9934890635249
Size,Box_Count
128,8
64,38
32,166
16,704
8,2399
4,8875
2,39691
