Fractal_Dimension,2.17911725050023
Coefficients,-2.17911725050023
,13.150467333273628
Size,Box_Count
128,13
64,56
32,267
16,1364
8,5966
4,23906
2,107932
