Fractal_Dimension,2.19794155534089
Coefficients,-2.19794155534089
,13.522835970501596
Size,Box_Count
128,14
64,75
32,417
16,2342
8,8765
4,31585
2,135210
