Fractal_Dimension,2.2037158072339
Coefficients,-2.2037158072339
,13.534892809583143
Size,Box_Count
128,16
64,70
32,377
16,2125
8,8765
4,32998
2,143873
