Fractal_Dimension,2.2919587136883
Coefficients,-2.2919587136883
,13.67029877227857
Size,Box_Count
128,12
64,59
32,307
16,1742
8,8502
4,34781
2,155207
