Fractal_Dimension,2.1728101032557
Coefficients,-2.1728101032557
,13.404346347176322
Size,Box_Count
128,16
64,77
32,358
16,1907
8,7918
4,30342
2,134978
