Fractal_Dimension,2.22825196768746
Coefficients,-2.22825196768746
,14.382059525908137
Size,Box_Count
256,8
128,29
64,158
32,813
16,4668
8,19699
4,74809
2,322763
