Fractal_Dimension,2.12947979815726
Coefficients,-2.12947979815726
,13.857384440585376
Size,Box_Count
256,8
128,31
64,137
32,670
16,3416
8,13406
4,50359
2,222844
