Fractal_Dimension,2.04363235422043
Coefficients,-2.04363235422043
,12.81907689157913
Size,Box_Count
256,5
128,15
64,74
32,319
16,1412
8,5382
4,20341
2,89907
