Fractal_Dimension,2.17183536134694
Coefficients,-2.17183536134694
,13.129466520654528
Size,Box_Count
128,12
64,56
32,288
16,1506
8,6126
4,22778
2,99782
