Fractal_Dimension,2.25671046471703
Coefficients,-2.25671046471703
,14.039967891795866
Size,Box_Count
128,21
64,105
32,500
16,2634
8,11860
4,52015
2,255685
