Fractal_Dimension,2.08384390023479
Coefficients,-2.08384390023479
,12.283883595573004
Size,Box_Count
128,9
64,33
32,159
16,764
8,2981
4,11275
2,49619
