Fractal_Dimension,2.15021352780932
Coefficients,-2.15021352780932
,13.296861257519717
Size,Box_Count
128,16
64,75
32,355
16,1831
8,7392
4,28059
2,123179
