Fractal_Dimension,2.13872366754396
Coefficients,-2.13872366754396
,12.957134152916426
Size,Box_Count
128,13
64,55
32,258
16,1250
8,5174
4,20572
2,94099
