Fractal_Dimension,2.16657837440549
Coefficients,-2.16657837440549
,12.636321252808187
Size,Box_Count
128,8
64,38
32,166
16,808
8,3616
4,14522
2,66497
