Fractal_Dimension,2.14647774984357
Coefficients,-2.14647774984357
,12.9379405334971
Size,Box_Count
128,12
64,51
32,252
16,1246
8,5156
4,19834
2,88394
