Fractal_Dimension,2.13063723709013
Coefficients,-2.13063723709013
,12.582170984949595
Size,Box_Count
128,10
64,37
32,172
16,875
8,3727
4,14610
2,64569
