Fractal_Dimension,2.24918617015442
Coefficients,-2.24918617015442
,14.580210434939398
Size,Box_Count
256,8
128,37
64,178
32,876
16,5029
8,23370
4,90373
2,390692
