Fractal_Dimension,2.13630930018703
Coefficients,-2.13630930018703
,13.338982977118238
Size,Box_Count
128,18
64,83
32,386
16,2002
8,7758
4,29531
2,132522
