Fractal_Dimension,2.11338633301041
Coefficients,-2.11338633301041
,13.450699543556428
Size,Box_Count
128,22
64,108
32,476
16,2252
8,8898
4,33955
2,155360
