Fractal_Dimension,2.11146486740991
Coefficients,-2.11146486740991
,12.782654811905495
Size,Box_Count
128,12
64,53
32,243
16,1169
8,4492
4,17545
2,81168
