Fractal_Dimension,2.12609219889296
Coefficients,-2.12609219889296
,13.385454795839477
Size,Box_Count
128,18
64,88
32,456
16,2349
8,8924
4,31058
2,125828
