Fractal_Dimension,2.19522016773463
Coefficients,-2.19522016773463
,14.210526343877499
Size,Box_Count
256,8
128,30
64,143
32,793
16,4402
8,17398
4,65231
2,281336
