Fractal_Dimension,2.19640335493422
Coefficients,-2.19640335493422
,12.532124308242775
Size,Box_Count
128,6
64,28
32,138
16,718
8,3539
4,12954
2,50431
