Fractal_Dimension,2.03337719475477
Coefficients,-2.03337719475477
,13.19877730794811
Size,Box_Count
256,6
128,24
64,124
32,562
16,2483
8,8292
4,28163
2,113905
