Fractal_Dimension,2.08740435537807
Coefficients,-2.08740435537807
,13.614464340372528
Size,Box_Count
256,8
128,27
64,131
32,613
16,3244
8,12356
4,42251
2,162984
