Fractal_Dimension,2.14848020096894
Coefficients,-2.14848020096894
,14.09268193255343
Size,Box_Count
256,8
128,35
64,166
32,862
16,4642
8,17820
4,60920
2,236916
