Fractal_Dimension,2.19244827529253
Coefficients,-2.19244827529253
,14.068455613437399
Size,Box_Count
128,24
64,149
32,716
16,3659
8,15378
4,57146
2,236382
