Fractal_Dimension,2.2047245005877
Coefficients,-2.2047245005877
,14.37809793921633
Size,Box_Count
256,8
128,33
64,173
32,973
16,5504
8,21689
4,74417
2,292079
