Fractal_Dimension,2.06408008142872
Coefficients,-2.06408008142872
,13.246165051449248
Size,Box_Count
256,6
128,22
64,108
32,459
16,2256
8,8334
4,29657
2,123356
