Fractal_Dimension,2.07165960014298
Coefficients,-2.07165960014298
,13.181477638233147
Size,Box_Count
256,6
128,21
64,88
32,388
16,1895
8,7648
4,28963
2,122947
