Fractal_Dimension,2.29019636711692
Coefficients,-2.29019636711692
,14.733250022442144
Size,Box_Count
256,8
128,39
64,164
32,843
16,4530
8,22627
4,103431
2,512048
