Fractal_Dimension,2.11848154544253
Coefficients,-2.11848154544253
,13.819811179080999
Size,Box_Count
256,8
128,34
64,134
32,639
16,3220
8,14310
4,51448
2,206419
