Fractal_Dimension,2.22017436563643
Coefficients,-2.22017436563643
,13.924253402469107
Size,Box_Count
128,20
64,112
32,491
16,2659
8,14490
4,53075
2,184113
