Fractal_Dimension,2.18755336137947
Coefficients,-2.18755336137947
,13.686852322562665
Size,Box_Count
128,18
64,99
32,455
16,2412
8,12059
4,41769
2,150270
