Fractal_Dimension,2.15711522657589
Coefficients,-2.15711522657589
,14.02345274992661
Size,Box_Count
256,8
128,33
64,140
32,672
16,3650
8,17599
4,61104
2,227344
