Fractal_Dimension,2.2446128718228
Coefficients,-2.2446128718228
,14.318135879480776
Size,Box_Count
128,28
64,137
32,687
16,3776
8,19784
4,73791
2,279476
