Fractal_Dimension,2.20570502383623
Coefficients,-2.20570502383623
,13.455592553567971
Size,Box_Count
128,13
64,69
32,351
16,1867
8,9498
4,33382
2,110638
