Fractal_Dimension,1.61772747068902
Coefficients,-1.61772747068902
,12.510998961086015
Size,Box_Count
20,1840
19,2058
18,2339
17,2645
16,3039
15,3483
14,4004
13,4589
12,5239
11,6153
10,7128
9,8348
8,9891
7,12091
6,15215
5,19874
4,27406
3,42894
2,83552
