Fractal_Dimension,1.58503829860281
Coefficients,-1.58503829860281
,11.358836292370006
Size,Box_Count
20,727
19,791
18,878
17,959
16,1089
15,1214
14,1330
13,1521
12,1674
11,1947
10,2253
9,2625
8,3184
7,3767
6,4782
5,6429
4,9002
3,14862
2,31290
