Fractal_Dimension,1.47995699435482
Coefficients,-1.47995699435482
,11.189152096614617
Size,Box_Count
20,726
19,806
18,928
17,1051
16,1171
15,1332
14,1507
13,1732
12,2008
11,2284
10,2670
9,3078
8,3554
7,4283
6,5278
5,6765
4,8899
3,13164
2,23516
