Fractal_Dimension,2.47548768300848
Coefficients,-2.47548768300848
,15.724352030776274
Size,Box_Count
256,6
128,43
64,244
32,1344
16,7932
8,44603
4,210743
2,1011645
