Fractal_Dimension,2.30605828804277
Coefficients,-2.30605828804277
,14.56669186117733
Size,Box_Count
256,8
128,27
64,127
32,584
16,3186
8,18467
4,94007
2,469311
