Fractal_Dimension,2.43585931500851
Coefficients,-2.43585931500851
,15.243434800881582
Size,Box_Count
256,7
128,28
64,147
32,789
16,4722
8,29490
4,154826
2,746827
