Fractal_Dimension,2.41335716551221
Coefficients,-2.41335716551221
,14.59568974575497
Size,Box_Count
128,18
64,97
32,486
16,2623
8,15456
4,79716
2,390724
