Fractal_Dimension,2.43784686042797
Coefficients,-2.43784686042797
,15.520052574289215
Size,Box_Count
256,8
128,42
64,204
32,1027
16,5981
8,37535
4,201174
2,1001665
