Fractal_Dimension,2.38411611066352
Coefficients,-2.38411611066352
,14.847919847043183
Size,Box_Count
256,6
128,26
64,127
32,630
16,3510
8,21102
4,110791
2,549157
