Fractal_Dimension,2.4092865794441
Coefficients,-2.4092865794441
,14.682910118144807
Size,Box_Count
128,20
64,116
32,506
16,2790
8,16757
4,89249
2,435928
