Fractal_Dimension,2.3187418804483
Coefficients,-2.3187418804483
,14.458248431286211
Size,Box_Count
256,6
128,24
64,117
32,524
16,2738
8,15515
4,81216
2,417833
