Fractal_Dimension,2.33422964656734
Coefficients,-2.33422964656734
,14.798017445264286
Size,Box_Count
256,8
128,33
64,136
32,693
16,3740
8,21548
4,112116
2,582805
