Fractal_Dimension,2.39413510172658
Coefficients,-2.39413510172658
,14.945146294956375
Size,Box_Count
256,6
128,28
64,139
32,669
16,3750
8,22601
4,120455
2,597846
