Fractal_Dimension,2.28332924850945
Coefficients,-2.28332924850945
,14.279843023957758
Size,Box_Count
256,6
128,26
64,105
32,492
16,2538
8,14063
4,70984
2,361931
