Fractal_Dimension,2.3931580873501
Coefficients,-2.3931580873501
,15.164637342797398
Size,Box_Count
256,8
128,34
64,167
32,813
16,4666
8,28868
4,152869
2,743780
