Fractal_Dimension,2.32807055662333
Coefficients,-2.32807055662333
,14.79195723311682
Size,Box_Count
256,8
128,33
64,144
32,704
16,3887
8,22547
4,111273
2,557705
