Fractal_Dimension,2.36118206895303
Coefficients,-2.36118206895303
,14.838783057247708
Size,Box_Count
256,7
128,30
64,136
32,641
16,3563
8,21118
4,112927
2,595678
