Fractal_Dimension,2.39418955548331
Coefficients,-2.39418955548331
,15.452663024677202
Size,Box_Count
256,10
128,41
64,223
32,1218
16,7206
8,40598
4,188723
2,897981
