Fractal_Dimension,2.40407761255144
Coefficients,-2.40407761255144
,14.695208454076425
Size,Box_Count
128,18
64,109
32,600
16,3444
8,19651
4,86963
2,371636
