Fractal_Dimension,2.21887910358472
Coefficients,-2.21887910358472
,14.267659148418948
Size,Box_Count
256,8
128,33
64,143
32,660
16,3385
8,15147
4,70126
2,373686
