Fractal_Dimension,2.32001700720647
Coefficients,-2.32001700720647
,15.161763405106205
Size,Box_Count
128,43
64,245
32,1326
16,7414
8,33680
4,143268
2,690061
