Fractal_Dimension,2.27973386360573
Coefficients,-2.27973386360573
,14.293114898442047
Size,Box_Count
256,6
128,25
64,114
32,528
16,2821
8,14418
4,68539
2,357136
