Fractal_Dimension,2.1731907682687
Coefficients,-2.1731907682687
,13.73090424117374
Size,Box_Count
256,6
128,23
64,102
32,450
16,2322
8,10531
4,44720
2,206291
