Fractal_Dimension,2.05117298731084
Coefficients,-2.05117298731084
,13.181012090818442
Size,Box_Count
256,6
128,23
64,101
32,440
16,2172
8,8514
4,29282
2,111059
