Fractal_Dimension,2.28317332430308
Coefficients,-2.28317332430308
,14.514567940156816
Size,Box_Count
256,8
128,28
64,132
32,669
16,3625
8,18158
4,84817
2,439274
