Fractal_Dimension,2.32808399397123
Coefficients,-2.32808399397123
,14.718922171278917
Size,Box_Count
256,8
128,28
64,133
32,676
16,3724
8,19776
4,99654
2,548848
