Fractal_Dimension,2.15865302605883
Coefficients,-2.15865302605883
,13.971994528718566
Size,Box_Count
256,8
128,29
64,139
32,666
16,3416
8,13945
4,54810
2,252007
