Fractal_Dimension,2.14961460510398
Coefficients,-2.14961460510398
,13.987274229267053
Size,Box_Count
256,8
128,31
64,145
32,713
16,3789
8,15796
4,56817
2,229490
