Fractal_Dimension,2.26988231692804
Coefficients,-2.26988231692804
,14.31417091113696
Size,Box_Count
256,6
128,25
64,128
32,611
16,3244
8,15587
4,68439
2,335072
