Fractal_Dimension,2.20706666635479
Coefficients,-2.20706666635479
,14.52889285813489
Size,Box_Count
256,9
128,42
64,230
32,1103
16,5098
8,20043
4,85620
2,433165
