Fractal_Dimension,1.93082664156512
Coefficients,-1.93082664156512
,13.25215274194503
Size,Box_Count
256,9
128,42
64,221
32,1009
16,3864
8,10882
4,32390
2,114351
