Fractal_Dimension,2.3151979431068
Coefficients,-2.3151979431068
,14.317073735428878
Size,Box_Count
128,21
64,107
32,544
16,2934
8,13932
4,63618
2,322177
