Fractal_Dimension,2.30476840523751
Coefficients,-2.30476840523751
,14.398516269313822
Size,Box_Count
256,6
128,24
64,114
32,537
16,2894
8,14854
4,74032
2,398664
