Fractal_Dimension,2.12065722079998
Coefficients,-2.12065722079998
,13.6953934912879
Size,Box_Count
128,24
64,134
32,634
16,3155
8,11948
4,42565
2,175956
