Fractal_Dimension,2.20873407247391
Coefficients,-2.20873407247391
,14.461353792519354
Size,Box_Count
256,8
128,42
64,192
32,977
16,5247
8,21054
4,80836
2,360808
