Fractal_Dimension,2.20798634054383
Coefficients,-2.20798634054383
,14.317920024858667
Size,Box_Count
256,8
128,35
64,164
32,802
16,4157
8,16944
4,71370
2,354762
