Fractal_Dimension,1.89820777986835
Coefficients,-1.89820777986835
,12.934848622053034
Size,Box_Count
256,8
128,37
64,166
32,790
16,3290
8,9103
4,25174
2,79961
