Fractal_Dimension,2.21311782114478
Coefficients,-2.21311782114478
,14.391427343928088
Size,Box_Count
256,8
128,37
64,181
32,875
16,4351
8,17755
4,75426
2,380887
