Fractal_Dimension,2.40717371016203
Coefficients,-2.40717371016203
,15.417659795648428
Size,Box_Count
256,8
128,40
64,211
32,1181
16,7038
8,36722
4,168980
2,866582
