Fractal_Dimension,2.27717323104281
Coefficients,-2.27717323104281
,14.568871008049891
Size,Box_Count
256,8
128,33
64,142
32,717
16,3990
8,20459
4,90481
2,438236
