Fractal_Dimension,2.2191851169252
Coefficients,-2.2191851169252
,14.303623446374214
Size,Box_Count
256,8
128,33
64,139
32,702
16,3905
8,18402
4,73605
2,325119
