Fractal_Dimension,2.04302841808231
Coefficients,-2.04302841808231
,13.505278186560144
Size,Box_Count
256,8
128,31
64,146
32,704
16,3562
8,12272
4,38956
2,139354
