Fractal_Dimension,2.08268317300459
Coefficients,-2.08268317300459
,13.519204203733203
Size,Box_Count
256,5
128,25
64,147
32,750
16,3863
8,11939
4,34455
2,114786
