Fractal_Dimension,2.17817829625962
Coefficients,-2.17817829625962
,13.955057478291476
Size,Box_Count
256,7
128,26
64,130
32,601
16,3131
8,13213
4,52485
2,245547
