Fractal_Dimension,2.0346802305718
Coefficients,-2.0346802305718
,12.99925139298817
Size,Box_Count
256,6
128,20
64,92
32,397
16,1718
8,6417
4,24381
2,110374
