Fractal_Dimension,2.16097347254478
Coefficients,-2.16097347254478
,13.612330162265891
Size,Box_Count
256,6
128,21
64,99
32,429
16,1969
8,8663
4,39430
2,208561
