Fractal_Dimension,2.18241835269342
Coefficients,-2.18241835269342
,14.031862996891034
Size,Box_Count
256,6
128,26
64,141
32,755
16,4236
8,16735
4,54509
2,196473
