Fractal_Dimension,2.33308700874734
Coefficients,-2.33308700874734
,14.402816587138513
Size,Box_Count
128,18
64,116
32,593
16,3205
8,15927
4,67232
2,310389
