Fractal_Dimension,2.33962418538381
Coefficients,-2.33962418538381
,15.067043190759472
Size,Box_Count
256,8
128,41
64,203
32,1003
16,5774
8,29847
4,132370
2,646752
