Fractal_Dimension,2.21801288435486
Coefficients,-2.21801288435486
,14.395633233709058
Size,Box_Count
256,8
128,38
64,168
32,818
16,4297
8,18206
4,76730
2,379742
