Fractal_Dimension,2.15616128176559
Coefficients,-2.15616128176559
,13.707650984072844
Size,Box_Count
256,5
128,26
64,118
32,571
16,2613
8,10184
4,40638
2,191564
