Fractal_Dimension,2.28223519025309
Coefficients,-2.28223519025309
,14.632326808465484
Size,Box_Count
256,8
128,29
64,161
32,840
16,4803
8,21969
4,90718
2,424166
