Fractal_Dimension,2.31886877607042
Coefficients,-2.31886877607042
,14.80837644388315
Size,Box_Count
256,8
128,34
64,163
32,787
16,4385
8,22082
4,107628
2,574300
