Fractal_Dimension,2.162267331283
Coefficients,-2.162267331283
,14.045171605569793
Size,Box_Count
256,8
128,32
64,144
32,716
16,3799
8,15309
4,58534
2,258060
