Fractal_Dimension,2.15727509833753
Coefficients,-2.15727509833753
,14.216745488078004
Size,Box_Count
256,9
128,37
64,192
32,949
16,4796
8,17707
4,66950
2,300389
