Fractal_Dimension,2.18529734205439
Coefficients,-2.18529734205439
,14.230086977317963
Size,Box_Count
256,8
128,36
64,167
32,805
16,4168
8,16606
4,67251
2,317942
