Fractal_Dimension,2.19882990039924
Coefficients,-2.19882990039924
,14.157950779942974
Size,Box_Count
128,24
64,158
32,793
16,4266
8,16719
4,60346
2,248561
