Fractal_Dimension,1.97014588040345
Coefficients,-1.97014588040345
,12.301018944920841
Size,Box_Count
128,17
64,58
32,228
16,950
8,3429
4,13437
2,62633
