Fractal_Dimension,2.2953206433238
Coefficients,-2.2953206433238
,14.646526775497897
Size,Box_Count
256,8
128,34
64,149
32,689
16,3769
8,19499
4,96829
2,518149
