Fractal_Dimension,2.10321407764332
Coefficients,-2.10321407764332
,13.663493776953954
Size,Box_Count
256,8
128,32
64,134
32,549
16,2452
8,10260
4,44495
2,226592
