Fractal_Dimension,2.19012962972131
Coefficients,-2.19012962972131
,13.373161364865712
Size,Box_Count
128,18
64,67
32,288
16,1435
8,6822
4,30671
2,150227
