Fractal_Dimension,1.91568359278517
Coefficients,-1.91568359278517
,12.220535901362418
Size,Box_Count
128,17
64,64
32,270
16,1248
8,4503
4,13517
2,45248
