Fractal_Dimension,2.37748308151891
Coefficients,-2.37748308151891
,14.861688000442374
Size,Box_Count
128,28
64,148
32,731
16,3927
8,20059
4,101603
2,570697
