Fractal_Dimension,2.00239871954451
Coefficients,-2.00239871954451
,13.455046768543777
Size,Box_Count
256,8
128,37
64,176
32,863
16,4158
8,12882
4,37172
2,124614
