Fractal_Dimension,2.02818575650067
Coefficients,-2.02818575650067
,13.554789272309458
Size,Box_Count
256,8
128,39
64,164
32,772
16,4036
8,14497
4,42163
2,133590
