Fractal_Dimension,1.92934013348329
Coefficients,-1.92934013348329
,12.700601374867837
Size,Box_Count
128,20
64,107
32,502
16,2232
8,6901
4,20119
2,67016
