Fractal_Dimension,2.14291686528527
Coefficients,-2.14291686528527
,13.578437914875815
Size,Box_Count
128,20
64,109
32,518
16,2489
8,9819
4,36796
2,162294
