Fractal_Dimension,2.25639715917127
Coefficients,-2.25639715917127
,13.734776079846721
Size,Box_Count
128,18
64,79
32,327
16,1637
8,8502
4,40672
2,206747
