Fractal_Dimension,2.18584720190045
Coefficients,-2.18584720190045
,13.707933300927483
Size,Box_Count
128,20
64,108
32,451
16,2359
8,10074
4,40519
2,189053
