Fractal_Dimension,2.39318089906738
Coefficients,-2.39318089906738
,14.897653770401927
Size,Box_Count
256,5
128,30
64,136
32,685
16,3758
8,20309
4,105311
2,594591
