Fractal_Dimension,2.08269885089162
Coefficients,-2.08269885089162
,13.4771406488555
Size,Box_Count
128,24
64,124
32,583
16,2779
8,10014
4,35574
2,151939
