Fractal_Dimension,2.07269070179466
Coefficients,-2.07269070179466
,12.736214199890343
Size,Box_Count
128,15
64,61
32,250
16,1106
8,4514
4,18187
2,85321
