Fractal_Dimension,1.94256401959365
Coefficients,-1.94256401959365
,12.961949420146727
Size,Box_Count
256,8
128,28
64,141
32,654
16,2514
8,7658
4,24935
2,96910
