Fractal_Dimension,2.1127294024924
Coefficients,-2.1127294024924
,14.113315750424077
Size,Box_Count
256,10
128,42
64,203
32,980
16,5208
8,19273
4,64930
2,252829
