Fractal_Dimension,2.34383039348767
Coefficients,-2.34383039348767
,14.478170388694863
Size,Box_Count
128,24
64,116
32,525
16,2766
8,14791
4,74259
2,408628
