Fractal_Dimension,2.02014863773062
Coefficients,-2.02014863773062
,13.070948528396379
Size,Box_Count
256,6
128,24
64,106
32,462
16,2195
8,8097
4,26700
2,99091
