Fractal_Dimension,2.03557247026435
Coefficients,-2.03557247026435
,13.092976005214911
Size,Box_Count
256,6
128,24
64,103
32,441
16,1874
8,6746
4,26427
2,123167
