Fractal_Dimension,2.18445170831912
Coefficients,-2.18445170831912
,14.218133254542003
Size,Box_Count
256,8
128,36
64,160
32,778
16,4204
8,17374
4,67124
2,302583
