Fractal_Dimension,2.29876053360508
Coefficients,-2.29876053360508
,14.403153856455754
Size,Box_Count
256,6
128,22
64,123
32,599
16,3272
8,16309
4,72520
2,358283
