Fractal_Dimension,2.34373802286264
Coefficients,-2.34373802286264
,14.610395373935814
Size,Box_Count
256,6
128,22
64,124
32,612
16,3382
8,17834
4,85175
2,447667
