Fractal_Dimension,2.2257829678233
Coefficients,-2.2257829678233
,13.51930206419762
Size,Box_Count
128,13
64,74
32,344
16,1803
8,8001
4,31998
2,142805
