Fractal_Dimension,2.14631231797837
Coefficients,-2.14631231797837
,13.16754387629772
Size,Box_Count
128,12
64,74
32,337
16,1732
8,6972
4,24695
2,97423
