Fractal_Dimension,2.33030469348611
Coefficients,-2.33030469348611
,14.904112225805491
Size,Box_Count
256,8
128,30
64,177
32,953
16,5426
8,25180
4,109882
2,555587
