Fractal_Dimension,2.28606717838747
Coefficients,-2.28606717838747
,14.786526828143733
Size,Box_Count
256,8
128,39
64,186
32,954
16,5363
8,26444
4,106605
2,474936
