Fractal_Dimension,2.39826178847964
Coefficients,-2.39826178847964
,15.30306876570419
Size,Box_Count
256,8
128,40
64,190
32,994
16,5668
8,32372
4,159865
2,850177
