Fractal_Dimension,2.32011173545278
Coefficients,-2.32011173545278
,14.789568106381548
Size,Box_Count
256,8
128,33
64,162
32,755
16,4098
8,21247
4,105996
2,584469
