Fractal_Dimension,2.1892638926473
Coefficients,-2.1892638926473
,13.920730008034297
Size,Box_Count
256,8
128,25
64,103
32,490
16,2473
8,11482
4,53434
2,285246
