Fractal_Dimension,2.29218762205055
Coefficients,-2.29218762205055
,14.361259448472433
Size,Box_Count
256,5
128,26
64,129
32,590
16,3146
8,15256
4,68297
2,350364
