Fractal_Dimension,2.192553811669
Coefficients,-2.192553811669
,14.092924028132368
Size,Box_Count
256,8
128,28
64,135
32,616
16,3332
8,14538
4,60480
2,292394
