Fractal_Dimension,2.12908209908317
Coefficients,-2.12908209908317
,13.873622276291874
Size,Box_Count
256,8
128,31
64,143
32,716
16,3476
8,13221
4,50188
2,229733
