Fractal_Dimension,2.12928967510808
Coefficients,-2.12928967510808
,13.614960347231023
Size,Box_Count
256,7
128,28
64,106
32,429
16,2166
8,9864
4,42319
2,209734
