Fractal_Dimension,2.21695465336559
Coefficients,-2.21695465336559
,14.12337946058446
Size,Box_Count
256,8
128,30
64,114
32,502
16,2607
8,13908
4,65914
2,337387
