Fractal_Dimension,1.9453075585211
Coefficients,-1.9453075585211
,12.697113067049543
Size,Box_Count
256,6
128,25
64,100
32,407
16,1902
8,6358
4,20070
2,72790
