Fractal_Dimension,2.12503452174458
Coefficients,-2.12503452174458
,13.370331616586043
Size,Box_Count
128,18
64,91
32,445
16,2209
8,8451
4,30683
2,130130
