Fractal_Dimension,2.26744591968135
Coefficients,-2.26744591968135
,14.17120836160809
Size,Box_Count
256,6
128,25
64,104
32,445
16,2378
8,12679
4,63919
2,344284
