Fractal_Dimension,2.26355238060358
Coefficients,-2.26355238060358
,14.48406927078984
Size,Box_Count
256,8
128,33
64,145
32,675
16,3643
8,17622
4,83533
2,447574
