Fractal_Dimension,2.24367075229646
Coefficients,-2.24367075229646
,14.097020890940003
Size,Box_Count
256,6
128,22
64,111
32,526
16,2801
8,13171
4,57631
2,281033
