Fractal_Dimension,2.1488853158571
Coefficients,-2.1488853158571
,13.746584707420123
Size,Box_Count
256,8
128,25
64,101
32,488
16,2505
8,11555
4,47826
2,217707
