Fractal_Dimension,2.18081374191785
Coefficients,-2.18081374191785
,13.889336100357953
Size,Box_Count
256,8
128,25
64,101
32,490
16,2543
8,12184
4,53466
2,255907
