Fractal_Dimension,2.25504098059683
Coefficients,-2.25504098059683
,14.240395703642172
Size,Box_Count
256,8
128,25
64,107
32,512
16,2689
8,14037
4,70120
2,376489
