Fractal_Dimension,1.95362617314684
Coefficients,-1.95362617314684
,12.747969239844156
Size,Box_Count
256,7
128,24
64,99
32,417
16,1708
8,5894
4,21070
2,89482
