Fractal_Dimension,2.20372006638472
Coefficients,-2.20372006638472
,13.986965269189794
Size,Box_Count
256,6
128,28
64,120
32,553
16,2648
8,11815
4,53171
2,278973
