Fractal_Dimension,2.27506032987015
Coefficients,-2.27506032987015
,14.48519546490308
Size,Box_Count
128,28
64,148
32,772
16,4283
8,18595
4,76632
2,370828
