Fractal_Dimension,2.1242062943918
Coefficients,-2.1242062943918
,13.461647770834691
Size,Box_Count
128,22
64,104
32,458
16,2112
8,8537
4,34235
2,161752
