Fractal_Dimension,2.0163166522987
Coefficients,-2.0163166522987
,13.004307083260912
Size,Box_Count
128,22
64,101
32,444
16,1952
8,7001
4,24740
2,103637
