Fractal_Dimension,2.23893624812254
Coefficients,-2.23893624812254
,14.275264463339832
Size,Box_Count
256,7
128,30
64,133
32,632
16,3294
8,15302
4,68818
2,352254
