Fractal_Dimension,2.07433426078808
Coefficients,-2.07433426078808
,13.513397019944438
Size,Box_Count
256,7
128,29
64,129
32,597
16,2969
8,10929
4,37925
2,153620
