Fractal_Dimension,2.2120441204078
Coefficients,-2.2120441204078
,14.159432261741438
Size,Box_Count
256,6
128,30
64,137
32,690
16,3694
8,17150
4,62026
2,249822
