Fractal_Dimension,1.98566349420558
Coefficients,-1.98566349420558
,13.104950432326495
Size,Box_Count
256,6
128,27
64,136
32,689
16,3183
8,9451
4,26491
2,85071
