Fractal_Dimension,2.25515645487488
Coefficients,-2.25515645487488
,14.446295927631903
Size,Box_Count
256,8
128,29
64,155
32,728
16,3779
8,17619
4,79450
2,408187
