Fractal_Dimension,2.12889597213555
Coefficients,-2.12889597213555
,13.555299048413627
Size,Box_Count
256,6
128,23
64,110
32,471
16,2357
8,9539
4,37885
2,173898
