Fractal_Dimension,2.33828874923896
Coefficients,-2.33828874923896
,14.560607273756288
Size,Box_Count
256,6
128,24
64,118
32,548
16,2952
8,16364
4,84179
2,468031
