Fractal_Dimension,2.01954180835224
Coefficients,-2.01954180835224
,13.47587183374736
Size,Box_Count
256,8
128,36
64,169
32,840
16,3408
8,10879
4,37057
2,152940
