Fractal_Dimension,2.30632242173475
Coefficients,-2.30632242173475
,14.494611110177368
Size,Box_Count
256,5
128,26
64,146
32,727
16,3655
8,16121
4,73505
2,388338
