Fractal_Dimension,2.16015581881154
Coefficients,-2.16015581881154
,12.788906031478403
Size,Box_Count
128,8
64,46
32,230
16,1074
8,4522
4,16743
2,68188
