Fractal_Dimension,2.11689850572649
Coefficients,-2.11689850572649
,13.045019028397695
Size,Box_Count
128,19
64,66
32,280
16,1207
8,5132
4,23791
2,126124
