Fractal_Dimension,2.24241938486844
Coefficients,-2.24241938486844
,13.671957075845233
Size,Box_Count
128,21
64,69
32,324
16,1530
8,7699
4,38914
2,213673
