Fractal_Dimension,2.26627303094064
Coefficients,-2.26627303094064
,13.77182994785632
Size,Box_Count
128,21
64,69
32,327
16,1557
8,8033
4,41787
2,235143
