Fractal_Dimension,2.1925107656387
Coefficients,-2.1925107656387
,13.786307060327704
Size,Box_Count
128,22
64,101
32,503
16,2534
8,10926
4,43814
2,198932
