Fractal_Dimension,2.23697126382261
Coefficients,-2.23697126382261
,14.318728605486461
Size,Box_Count
128,24
64,160
32,807
16,4246
8,18126
4,69063
2,287084
