Fractal_Dimension,2.24262991327953
Coefficients,-2.24262991327953
,14.09823148609267
Size,Box_Count
256,6
128,22
64,106
32,538
16,2916
8,14287
4,58324
2,260901
