Fractal_Dimension,2.21236914666809
Coefficients,-2.21236914666809
,14.134441564737715
Size,Box_Count
256,8
128,30
64,125
32,539
16,2788
8,13390
4,64172
2,350211
