Fractal_Dimension,2.15129648979945
Coefficients,-2.15129648979945
,14.5679824655971
Size,Box_Count
256,12
128,52
64,287
32,1490
16,7695
8,27739
4,94491
2,371228
