Fractal_Dimension,2.2493939543459
Coefficients,-2.2493939543459
,15.013452350248365
Size,Box_Count
256,12
128,52
64,290
32,1516
16,8241
8,33580
4,132862
2,604604
