Fractal_Dimension,2.26089769646849
Coefficients,-2.26089769646849
,14.836807242722864
Size,Box_Count
256,10
128,46
64,218
32,1115
16,5927
8,26427
4,114346
2,556194
