Fractal_Dimension,2.0446124541767
Coefficients,-2.0446124541767
,13.853954321698275
Size,Box_Count
256,10
128,46
64,214
32,1056
16,5138
8,17370
4,53699
2,189908
