Fractal_Dimension,1.96890297163414
Coefficients,-1.96890297163414
,12.818963909795052
Size,Box_Count
256,6
128,23
64,116
32,479
16,1795
8,5985
4,21427
2,89892
