Fractal_Dimension,2.31569326503969
Coefficients,-2.31569326503969
,14.622488059155422
Size,Box_Count
256,6
128,28
64,141
32,743
16,3996
8,19784
4,87869
2,417909
