Fractal_Dimension,2.16579173816092
Coefficients,-2.16579173816092
,13.23921097883653
Size,Box_Count
128,13
64,69
32,334
16,1676
8,6819
4,25730
2,111668
