Fractal_Dimension,2.27331112760624
Coefficients,-2.27331112760624
,14.76837532726793
Size,Box_Count
256,10
128,38
64,190
32,963
16,4927
8,22520
4,106895
2,573146
