Fractal_Dimension,2.09257265999107
Coefficients,-2.09257265999107
,12.842694690482416
Size,Box_Count
128,14
64,58
32,275
16,1310
8,5509
4,19530
2,80665
