Fractal_Dimension,2.3856349103417
Coefficients,-2.3856349103417
,14.720589830693969
Size,Box_Count
20,1825
19,2086
18,2381
17,2754
16,3188
15,3798
14,4525
13,5496
12,6750
11,8441
10,10745
9,14062
8,18732
7,25711
6,36642
5,54836
4,89403
3,168761
2,426977
