Fractal_Dimension,2.28145776472818
Coefficients,-2.28145776472818
,14.461307031505724
Size,Box_Count
20,1876
19,2170
18,2467
17,2835
16,3325
15,3915
14,4662
13,5618
12,6884
11,8468
10,10727
9,13659
8,17836
7,24103
6,33286
5,49027
4,78066
3,145771
2,363810
