Fractal_Dimension,2.45920807725045
Coefficients,-2.45920807725045
,14.724307541123121
Size,Box_Count
20,1459
19,1669
18,1927
17,2227
16,2620
15,3123
14,3727
13,4563
12,5658
11,7092
10,9103
9,11983
8,16168
7,22625
6,32683
5,50016
4,82194
3,156257
2,393174
