Fractal_Dimension,2.40514889754415
Coefficients,-2.40514889754415
,14.627143722749933
Size,Box_Count
20,1560
19,1757
18,2034
17,2352
16,2764
15,3266
14,3925
13,4752
12,5889
11,7383
10,9465
9,12333
8,16518
7,22764
6,32565
5,48935
4,79593
3,149382
2,374742
