Fractal_Dimension,2.39025587548908
Coefficients,-2.39025587548908
,14.614433622441988
Size,Box_Count
20,1609
19,1839
18,2094
17,2432
16,2861
15,3376
14,4095
13,4905
12,6074
11,7575
10,9593
9,12453
8,16536
7,22758
6,32231
5,48591
4,79651
3,151194
2,387035
