Fractal_Dimension,2.41274973681301
Coefficients,-2.41274973681301
,15.02963017415524
Size,Box_Count
20,2297
19,2641
18,3019
17,3471
16,4087
15,4813
14,5760
13,6965
12,8605
11,10728
10,13683
9,17878
8,23844
7,32776
6,47170
5,71170
4,117516
3,224728
2,578726
