Fractal_Dimension,2.42718622027563
Coefficients,-2.42718622027563
,14.380141505373949
Size,Box_Count
20,1158
19,1312
18,1530
17,1751
16,2044
15,2411
14,2888
13,3534
12,4300
11,5404
10,6869
9,8986
8,11988
7,16603
6,24021
5,36572
4,60749
3,116193
2,297413
