Fractal_Dimension,2.4376220428196
Coefficients,-2.4376220428196
,14.068516272340066
Size,Box_Count
20,852
19,957
18,1087
17,1264
16,1446
15,1691
14,2039
13,2497
12,3030
11,3816
10,4855
9,6329
8,8453
7,11843
6,17240
5,26537
4,44001
3,85198
2,218511
