Fractal_Dimension,2.35755873171065
Coefficients,-2.35755873171065
,13.652037469072255
Size,Box_Count
20,686
19,800
18,896
17,1039
16,1206
15,1425
14,1673
13,2022
12,2467
11,3041
10,3913
9,5014
8,6679
7,9103
6,12901
5,19483
4,31999
3,60821
2,155130
