Fractal_Dimension,2.43233423561709
Coefficients,-2.43233423561709
,13.970752211080113
Size,Box_Count
20,772
19,881
18,1007
17,1159
16,1343
15,1580
14,1872
13,2273
12,2775
11,3497
10,4446
9,5795
8,7838
7,10891
6,15836
5,24244
4,40234
3,77513
2,198141
