Fractal_Dimension,2.33412441877386
Coefficients,-2.33412441877386
,13.470554196674602
Size,Box_Count
20,606
19,686
18,791
17,900
16,1049
15,1263
14,1485
13,1797
12,2176
11,2756
10,3498
9,4524
8,6011
7,8216
6,11631
5,17338
4,27880
3,51265
2,122397
