Fractal_Dimension,2.15046871612118
Coefficients,-2.15046871612118
,13.919638112903252
Size,Box_Count
20,1700
19,1892
18,2172
17,2502
16,2897
15,3304
14,3871
13,4548
12,5458
11,6593
10,8013
9,10122
8,12886
7,16917
6,23207
5,33789
4,54337
3,101758
2,257398
