Fractal_Dimension,2.22694718833689
Coefficients,-2.22694718833689
,13.93575244882649
Size,Box_Count
20,1361
19,1521
18,1751
17,1999
16,2312
15,2741
14,3212
13,3814
12,4597
11,5602
10,6961
9,8858
8,11401
7,15100
6,21005
5,30971
4,50004
3,93931
2,237292
