Fractal_Dimension,2.40436332694975
Coefficients,-2.40436332694975
,14.921020521218942
Size,Box_Count
20,2126
19,2445
18,2801
17,3238
16,3777
15,4381
14,5290
13,6391
12,7857
11,9743
10,12353
9,16082
8,21540
7,29732
6,42653
5,64690
4,107215
3,205552
2,526774
