Fractal_Dimension,2.15031395640545
Coefficients,-2.15031395640545
,14.206526122099522
Size,Box_Count
20,2222
19,2506
18,2854
17,3275
16,3804
15,4423
14,5123
13,6151
12,7328
11,8831
10,10901
9,13662
8,17420
7,22868
6,31418
5,45705
4,72395
3,134122
2,332002
