Fractal_Dimension,2.16969212110564
Coefficients,-2.16969212110564
,14.62964494207111
Size,Box_Count
20,3032
19,3473
18,3988
17,4603
16,5363
15,6351
14,7552
13,9091
12,11017
11,13424
10,16619
9,20809
8,26444
7,34721
6,47303
5,67651
4,106605
3,194638
2,474936
