Fractal_Dimension,2.36141893943474
Coefficients,-2.36141893943474
,14.493245547588
Size,Box_Count
20,1577
19,1830
18,2038
17,2390
16,2764
15,3231
14,3850
13,4616
12,5638
11,7067
10,8953
9,11568
8,15420
7,21112
6,30003
5,45362
4,74142
3,140238
2,352840
