Fractal_Dimension,2.06733063559369
Coefficients,-2.06733063559369
,13.774296588133923
Size,Box_Count
20,1865
19,2107
18,2389
17,2729
16,3109
15,3588
14,4207
13,4873
12,5849
11,6963
10,8508
9,10393
8,13211
7,17162
6,23325
5,33538
4,52682
3,96177
2,235436
