Fractal_Dimension,2.22169323124816
Coefficients,-2.22169323124816
,14.10673814720758
Size,Box_Count
20,1577
19,1789
18,2028
17,2382
16,2756
15,3213
14,3831
13,4616
12,5598
11,6873
10,8660
9,10899
8,14234
7,18923
6,26259
5,38137
4,60267
3,109149
2,260867
