Fractal_Dimension,2.18558068734462
Coefficients,-2.18558068734462
,14.630408573621386
Size,Box_Count
20,2944
19,3359
18,3897
17,4438
16,5231
15,6117
14,7279
13,8660
12,10486
11,12796
10,15858
9,19707
8,25069
7,32902
6,45076
5,65234
4,104068
3,194158
2,488953
