Fractal_Dimension,2.44154742835938
Coefficients,-2.44154742835938
,15.072674448856903
Size,Box_Count
20,2249
19,2562
18,2927
17,3374
16,3939
15,4672
14,5548
13,6733
12,8255
11,10308
10,13187
9,17221
8,23072
7,32016
6,46538
5,71484
4,119306
3,230662
2,594893
