Fractal_Dimension,2.42333370391645
Coefficients,-2.42333370391645
,15.470890871598375
Size,Box_Count
20,3419
19,3939
18,4499
17,5249
16,6148
15,7296
14,8711
13,10585
12,13025
11,16409
10,20954
9,27302
8,36585
7,50342
6,72098
5,109018
4,180118
3,343485
2,881691
