Fractal_Dimension,2.33940618814491
Coefficients,-2.33940618814491
,15.153510621178878
Size,Box_Count
20,3200
19,3634
18,4194
17,4827
16,5692
15,6696
14,7979
13,9615
12,11838
11,14678
10,18517
9,23792
8,31527
7,42685
6,60299
5,89644
4,145695
3,274511
2,695764
