Fractal_Dimension,2.0340977573908
Coefficients,-2.0340977573908
,13.848066469144664
Size,Box_Count
20,2248
19,2508
18,2833
17,3224
16,3697
15,4314
14,4963
13,5803
12,6904
11,8077
10,9780
9,11859
8,15020
7,19420
6,25878
5,37234
4,58653
3,108285
2,271135
