Fractal_Dimension,2.0902053498272
Coefficients,-2.0902053498272
,13.36326484111479
Size,Box_Count
20,1205
19,1342
18,1529
17,1714
16,1962
15,2265
14,2579
13,2987
12,3629
11,4323
10,5213
9,6450
8,8072
7,10570
6,14408
5,20931
4,33629
3,63570
2,163391
