Fractal_Dimension,2.47425531525549
Coefficients,-2.47425531525549
,15.327328737046825
Size,Box_Count
20,2592
19,2973
18,3405
17,3945
16,4596
15,5464
14,6520
13,7957
12,9846
11,12355
10,15947
9,20920
8,28408
7,39736
6,57849
5,88927
4,147887
3,283392
2,721852
