Fractal_Dimension,1.96809545124212
Coefficients,-1.96809545124212
,13.701128618738679
Size,Box_Count
20,2443
19,2757
18,3070
17,3466
16,3945
15,4537
14,5095
13,5832
12,6729
11,7932
10,9360
9,11450
8,14257
7,18318
6,24511
5,35198
4,55601
3,103493
2,262555
