Fractal_Dimension,2.24249940562786
Coefficients,-2.24249940562786
,14.087552298780656
Size,Box_Count
20,1548
19,1722
18,1955
17,2235
16,2597
15,3002
14,3574
13,4231
12,5105
11,6325
10,7795
9,9786
8,12737
7,16938
6,23528
5,35057
4,56984
3,108387
2,277779
