Fractal_Dimension,2.21449817869199
Coefficients,-2.21449817869199
,14.41875092822176
Size,Box_Count
20,2200
19,2507
18,2889
17,3337
16,3881
15,4566
14,5401
13,6493
12,7832
11,9578
10,11872
9,14967
8,19218
7,25409
6,35095
5,51185
4,81743
3,152161
2,380130
