Fractal_Dimension,2.16598142047659
Coefficients,-2.16598142047659
,14.64928692333177
Size,Box_Count
20,3154
19,3603
18,4121
17,4793
16,5594
15,6580
14,7813
13,9343
12,11265
11,13698
10,16903
9,21088
8,26886
7,35230
6,48069
5,69395
4,109362
3,200981
2,493800
