Fractal_Dimension,2.13248270210852
Coefficients,-2.13248270210852
,14.21045403482508
Size,Box_Count
20,2363
19,2653
18,3037
17,3484
16,4040
15,4663
14,5467
13,6449
12,7691
11,9247
10,11344
9,14067
8,17928
7,23612
6,32159
5,46724
4,74277
3,137717
2,345548
