Fractal_Dimension,1.97025179810167
Coefficients,-1.97025179810167
,12.94689106648523
Size,Box_Count
20,1174
19,1288
18,1459
17,1629
16,1828
15,2075
14,2320
13,2707
12,3144
11,3720
10,4418
9,5366
8,6624
7,8576
6,11547
5,16581
4,26181
3,48657
2,123072
