Fractal_Dimension,2.00438818200234
Coefficients,-2.00438818200234
,12.697365766011817
Size,Box_Count
20,809
19,906
18,1007
17,1140
16,1293
15,1470
14,1685
13,1941
12,2268
11,2692
10,3219
9,3898
8,4857
7,6312
6,8526
5,12258
4,19451
3,36284
2,91918
