Fractal_Dimension,1.87197794329671
Coefficients,-1.87197794329671
,13.928098899359105
Size,Box_Count
20,4053
19,4514
18,5053
17,5660
16,6385
15,7210
14,8196
13,9378
12,10877
11,12717
10,14955
9,18022
8,22177
7,28102
6,37213
5,52108
4,79920
3,142747
2,340531
