Fractal_Dimension,2.17542730600228
Coefficients,-2.17542730600228
,14.695752894729747
Size,Box_Count
20,3421
19,3871
18,4422
17,5051
16,5838
15,6756
14,7941
13,9314
12,11145
11,13431
10,16449
9,20502
8,26326
7,34721
6,48004
5,70408
4,113999
3,216233
2,555859
