Fractal_Dimension,2.01316283971427
Coefficients,-2.01316283971427
,13.917883351039961
Size,Box_Count
20,2640
19,2954
18,3307
17,3768
16,4250
15,4856
14,5558
13,6481
12,7532
11,8947
10,10714
9,13124
8,16385
7,21266
6,28745
5,41295
4,65261
3,120935
2,302890
