Fractal_Dimension,2.11733434176796
Coefficients,-2.11733434176796
,13.759194715143018
Size,Box_Count
256,8
128,28
64,130
32,626
16,3309
8,13196
4,47270
2,191923
