Fractal_Dimension,2.10042455254579
Coefficients,-2.10042455254579
,13.94391446316841
Size,Box_Count
256,8
128,38
64,196
32,934
16,4728
8,16529
4,54081
2,205214
