Fractal_Dimension,2.19096721585506
Coefficients,-2.19096721585506
,14.115917363239117
Size,Box_Count
256,7
128,28
64,142
32,716
16,4038
8,17169
4,60455
2,238909
