Fractal_Dimension,1.98467663852903
Coefficients,-1.98467663852903
,13.33343174866256
Size,Box_Count
256,8
128,37
64,175
32,823
16,3409
8,10443
4,33382
2,129507
