Fractal_Dimension,2.01370189424837
Coefficients,-2.01370189424837
,13.501438970287712
Size,Box_Count
128,32
64,167
32,827
16,3648
8,11821
4,39532
2,156676
