Fractal_Dimension,2.02000109005019
Coefficients,-2.02000109005019
,13.010125226558099
Size,Box_Count
128,18
64,108
32,470
16,2228
8,7396
4,24032
2,92644
