Fractal_Dimension,1.6080732916004
Coefficients,-1.6080732916004
,12.285082700368044
Size,Box_Count
20,1669
19,1820
18,2058
17,2311
16,2545
15,2928
14,3221
13,3590
12,4091
11,4686
10,5466
9,6273
8,7486
7,9294
6,11712
5,15496
4,22067
3,36362
2,77038
