Fractal_Dimension,1.62134046764798
Coefficients,-1.62134046764798
,12.773950008257602
Size,Box_Count
20,2585
19,2913
18,3200
17,3605
16,4027
15,4503
14,5015
13,5711
12,6487
11,7421
10,8587
9,10022
8,12135
7,14702
6,18672
5,24783
4,35662
3,58291
2,122773
