Fractal_Dimension,2.21497996304423
Coefficients,-2.21497996304423
,14.303749035083165
Size,Box_Count
256,8
128,34
64,155
32,707
16,3749
8,17254
4,73024
2,349791
