Fractal_Dimension,2.05551961670288
Coefficients,-2.05551961670288
,13.285551708091223
Size,Box_Count
256,7
128,24
64,113
32,493
16,2233
8,8178
4,31333
2,142604
