Fractal_Dimension,2.02382173804338
Coefficients,-2.02382173804338
,13.178846451584622
Size,Box_Count
128,24
64,112
32,519
16,2560
8,8760
4,28965
2,111897
