Fractal_Dimension,2.22998512119926
Coefficients,-2.22998512119926
,14.21006273324433
Size,Box_Count
256,7
128,26
64,130
32,643
16,3474
8,15474
4,64706
2,302472
