Fractal_Dimension,2.07110401519973
Coefficients,-2.07110401519973
,13.351224269872356
Size,Box_Count
256,7
128,28
64,106
32,423
16,2089
8,8770
4,34340
2,158323
