Fractal_Dimension,2.07027168415296
Coefficients,-2.07027168415296
,13.65514840120066
Size,Box_Count
256,8
128,33
64,154
32,713
16,3634
8,13279
4,43638
2,166539
