Fractal_Dimension,2.01291825360712
Coefficients,-2.01291825360712
,13.186226604826953
Size,Box_Count
128,24
64,118
32,539
16,2833
8,9952
4,29851
2,102701
