Fractal_Dimension,2.05380020931786
Coefficients,-2.05380020931786
,13.406304973811249
Size,Box_Count
256,7
128,26
64,127
32,611
16,3089
8,10958
4,34627
2,126531
