Fractal_Dimension,2.05648493349471
Coefficients,-2.05648493349471
,13.300511298976932
Size,Box_Count
128,21
64,117
32,544
16,2651
8,9801
4,31519
2,115168
