Fractal_Dimension,2.0452623744539
Coefficients,-2.0452623744539
,13.532179337404745
Size,Box_Count
256,8
128,31
64,154
32,730
16,3645
8,12348
4,38950
2,145157
