Fractal_Dimension,2.06782359717715
Coefficients,-2.06782359717715
,13.603346362432474
Size,Box_Count
256,7
128,31
64,154
32,748
16,3780
8,12720
4,40308
2,147382
