Fractal_Dimension,2.03809663291862
Coefficients,-2.03809663291862
,13.103110713473798
Size,Box_Count
256,6
128,24
64,97
32,399
16,2026
8,8242
4,27941
2,105398
