Fractal_Dimension,2.03153181472856
Coefficients,-2.03153181472856
,13.181602370066019
Size,Box_Count
128,22
64,115
32,505
16,2456
8,9074
4,29332
2,106572
