Fractal_Dimension,2.04720063801349
Coefficients,-2.04720063801349
,13.37720400661898
Size,Box_Count
256,6
128,27
64,137
32,689
16,3246
8,10290
4,32087
2,119383
