Fractal_Dimension,1.90691899436381
Coefficients,-1.90691899436381
,11.984640391131396
Size,Box_Count
128,12
64,52
32,247
16,1164
8,3836
4,10427
2,31993
