Fractal_Dimension,2.007168949217
Coefficients,-2.007168949217
,13.336152257536826
Size,Box_Count
256,8
128,34
64,147
32,642
16,3113
8,10795
4,34597
2,128182
