Fractal_Dimension,2.08620748028528
Coefficients,-2.08620748028528
,14.012563886915474
Size,Box_Count
256,10
128,40
64,204
32,1097
16,5574
8,19022
4,59158
2,212277
