Fractal_Dimension,2.07144108644217
Coefficients,-2.07144108644217
,13.155906608253607
Size,Box_Count
128,18
64,88
32,426
16,2207
8,8939
4,27494
2,93632
