Fractal_Dimension,1.93586840010468
Coefficients,-1.93586840010468
,13.360080262474181
Size,Box_Count
20,1716
19,1951
18,2214
17,2536
16,2929
15,3399
14,3958
13,4664
12,5520
11,6526
10,7944
9,9628
8,11892
7,15142
6,19839
5,27728
4,41370
3,71005
2,160856
