Fractal_Dimension,2.20675203130971
Coefficients,-2.20675203130971
,14.264991993439924
Size,Box_Count
20,1852
19,2115
18,2460
17,2813
16,3262
15,3868
14,4650
13,5606
12,6869
11,8523
10,10750
9,13859
8,18086
7,24166
6,33083
5,47224
4,72092
3,125441
2,284394
