Fractal_Dimension,1.8718264366679
Coefficients,-1.8718264366679
,13.23715644011856
Size,Box_Count
20,1795
19,2014
18,2318
17,2659
16,3068
15,3583
14,4140
13,4914
12,5788
11,6859
10,8255
9,10039
8,12257
7,15444
6,20001
5,27458
4,40058
3,66653
2,142547
