Fractal_Dimension,2.15429612711318
Coefficients,-2.15429612711318
,14.459645080672734
Size,Box_Count
20,2624
19,2985
18,3394
17,3968
16,4630
15,5449
14,6496
13,7834
12,9577
11,11847
10,14886
9,19004
8,24523
7,32545
6,43626
5,61836
4,93006
3,161284
2,361954
