Fractal_Dimension,2.200946089141
Coefficients,-2.200946089141
,13.534498759680304
Size,Box_Count
20,952
19,1079
18,1219
17,1395
16,1612
15,1890
14,2242
13,2664
12,3272
11,4046
10,5156
9,6549
8,8611
7,11610
6,16075
5,23245
4,35700
3,62109
2,139183
