Fractal_Dimension,1.83659162731413
Coefficients,-1.83659162731413
,13.21708951489922
Size,Box_Count
20,2002
19,2242
18,2563
17,2939
16,3342
15,3863
14,4498
13,5222
12,6092
11,7242
10,8577
9,10361
8,12586
7,15913
6,20538
5,28049
4,41147
3,68868
2,149833
