Fractal_Dimension,2.24665968295296
Coefficients,-2.24665968295296
,14.670614757269714
Size,Box_Count
20,2509
19,2846
18,3267
17,3781
16,4419
15,5215
14,6258
13,7531
12,9284
11,11589
10,14617
9,18947
8,24844
7,33287
6,46092
5,66293
4,102405
3,180945
2,419386
