Fractal_Dimension,2.24200385270351
Coefficients,-2.24200385270351
,13.994765656033561
Size,Box_Count
20,1330
19,1501
18,1708
17,1963
16,2284
15,2687
14,3202
13,3852
12,4726
11,5892
10,7383
9,9531
8,12568
7,16917
6,23361
5,33885
4,52822
3,93684
2,218761
