Fractal_Dimension,2.18709124715694
Coefficients,-2.18709124715694
,14.198960072623702
Size,Box_Count
20,1910
19,2148
18,2448
17,2831
16,3310
15,3875
14,4570
13,5474
12,6760
11,8212
10,10350
9,13127
8,17074
7,22659
6,31110
5,44390
4,69058
3,122577
2,287682
