Fractal_Dimension,2.18894748134972
Coefficients,-2.18894748134972
,14.545370866242678
Size,Box_Count
20,2562
19,2904
18,3358
17,3895
16,4529
15,5403
14,6452
13,7767
12,9607
11,11874
10,15034
9,19299
8,25132
7,33406
6,45524
5,64502
4,97516
3,167686
2,375206
