Fractal_Dimension,1.9794249940267
Coefficients,-1.9794249940267
,13.608498744930085
Size,Box_Count
20,1984
19,2222
18,2541
17,2922
16,3360
15,3904
14,4498
13,5252
12,6238
11,7427
10,9036
9,10981
8,13786
7,17684
6,23471
5,32961
4,50029
3,87832
2,204551
