Fractal_Dimension,2.31739551701233
Coefficients,-2.31739551701233
,13.69834818191531
Size,Box_Count
95,23
94,23
93,23
92,23
91,23
90,23
89,23
88,26
87,27
86,30
85,30
84,32
83,34
82,34
81,36
80,39
79,41
78,42
77,43
76,44
75,44
74,44
73,44
72,44
71,46
70,49
69,50
68,54
67,53
66,54
65,58
64,60
63,63
62,65
61,70
60,71
59,73
58,75
57,75
56,75
55,75
54,76
53,84
52,87
51,92
50,98
49,105
48,114
47,120
46,125
45,129
44,133
43,142
42,152
41,159
40,165
39,180
38,185
37,198
36,216
35,231
34,246
33,254
32,276
31,300
30,325
29,352
28,382
27,408
26,458
25,498
24,552
23,617
22,678
21,774
20,849
19,979
18,1113
17,1280
16,1467
15,1714
14,2035
13,2454
12,2958
11,3638
10,4468
9,5735
8,7516
7,10248
6,14258
5,21349
4,34975
3,66695
2,172090
