Fractal_Dimension,2.45150164565723
Coefficients,-2.45150164565723
,14.68299089891771
Size,Box_Count
105,24
104,25
103,26
102,26
101,28
100,27
99,28
98,30
97,30
96,31
95,32
94,35
93,39
92,40
91,42
90,44
89,45
88,48
87,49
86,49
85,49
84,50
83,50
82,50
81,51
80,53
79,54
78,58
77,59
76,60
75,60
74,61
73,61
72,62
71,63
70,64
69,72
68,72
67,76
66,79
65,88
64,93
63,97
62,100
61,103
60,108
59,110
58,111
57,111
56,120
55,126
54,133
53,137
52,143
51,149
50,157
49,169
48,177
47,186
46,195
45,204
44,211
43,221
42,236
41,249
40,264
39,294
38,311
37,327
36,346
35,370
34,397
33,424
32,480
31,508
30,556
29,594
28,651
27,717
26,783
25,865
24,977
23,1091
22,1207
21,1382
20,1558
19,1785
18,2053
17,2387
16,2829
15,3338
14,3991
13,4890
12,6054
11,7590
10,9692
9,12657
8,16787
7,22845
6,32258
5,47377
4,74658
3,134756
2,320061
