Fractal_Dimension,2.29301883537887
Coefficients,-2.29301883537887
,13.852572968925573
Size,Box_Count
88,35
87,37
86,39
85,41
84,45
83,47
82,46
81,47
80,48
79,49
78,50
77,52
76,52
75,54
74,56
73,59
72,61
71,62
70,64
69,66
68,69
67,70
66,74
65,75
64,75
63,76
62,80
61,83
60,86
59,87
58,92
57,93
56,101
55,105
54,109
53,114
52,123
51,126
50,131
49,135
48,137
47,145
46,149
45,157
44,167
43,171
42,189
41,205
40,214
39,223
38,233
37,249
36,261
35,272
34,291
33,332
32,353
31,372
30,394
29,427
28,472
27,512
26,578
25,610
24,674
23,755
22,829
21,915
20,1053
19,1168
18,1336
17,1552
16,1814
15,2118
14,2486
13,3003
12,3604
11,4465
10,5585
9,7155
8,9390
7,12691
6,17828
5,26911
4,44497
3,85904
2,225868
