Fractal_Dimension,2.35856689829648
Coefficients,-2.35856689829648
,14.256202122974424
Size,Box_Count
108,26
107,28
106,28
105,28
104,31
103,31
102,32
101,32
100,32
99,32
98,33
97,34
96,35
95,36
94,37
93,37
92,36
91,37
90,37
89,40
88,41
87,42
86,45
85,46
84,46
83,51
82,53
81,53
80,53
79,54
78,55
77,56
76,56
75,56
74,57
73,57
72,58
71,66
70,71
69,75
68,77
67,79
66,81
65,85
64,87
63,88
62,90
61,95
60,95
59,101
58,104
57,109
56,112
55,114
54,116
53,119
52,128
51,137
50,145
49,153
48,163
47,172
46,179
45,183
44,196
43,207
42,214
41,227
40,239
39,256
38,269
37,285
36,293
35,331
34,356
33,382
32,413
31,434
30,462
29,516
28,563
27,613
26,663
25,747
24,804
23,915
22,1020
21,1126
20,1270
19,1456
18,1666
17,1936
16,2285
15,2676
14,3200
13,3877
12,4797
11,5944
10,7578
9,9835
8,13087
7,17933
6,25420
5,38074
4,62283
3,117121
2,297128
