Fractal_Dimension,2.20449196001216
Coefficients,-2.20449196001216
,13.62821252498884
Size,Box_Count
109,22
108,23
107,23
106,23
105,24
104,24
103,27
102,29
101,30
100,31
99,34
98,34
97,34
96,35
95,38
94,39
93,39
92,41
91,41
90,44
89,44
88,44
87,46
86,45
85,46
84,46
83,47
82,48
81,50
80,50
79,49
78,50
77,54
76,55
75,56
74,61
73,66
72,70
71,71
70,72
69,75
68,78
67,83
66,83
65,83
64,82
63,89
62,92
61,99
60,103
59,106
58,108
57,109
56,111
55,114
54,128
53,130
52,136
51,152
50,158
49,162
48,168
47,176
46,183
45,185
44,193
43,212
42,225
41,243
40,250
39,263
38,281
37,297
36,318
35,338
34,372
33,391
32,420
31,453
30,503
29,530
28,577
27,642
26,689
25,764
24,854
23,936
22,1035
21,1149
20,1290
19,1440
18,1612
17,1839
16,2091
15,2405
14,2763
13,3170
12,3725
11,4289
10,5180
9,6344
8,7914
7,10229
6,13700
5,19576
4,30842
3,57191
2,143505
