Fractal_Dimension,2.07155934607384
Coefficients,-2.07155934607384
,11.99910512049192
Size,Box_Count
58,31
57,35
56,36
55,37
54,40
53,42
52,42
51,43
50,48
49,51
48,54
47,58
46,60
45,61
44,60
43,66
42,69
41,76
40,79
39,82
38,84
37,89
36,95
35,109
34,115
33,124
32,134
31,140
30,149
29,158
28,164
27,183
26,192
25,213
24,235
23,270
22,282
21,301
20,335
19,386
18,433
17,495
16,566
15,632
14,718
13,850
12,968
11,1173
10,1367
9,1691
8,2168
7,2732
6,3672
5,5299
4,8262
3,15458
2,38803
