Fractal_Dimension,2.27369729152843
Coefficients,-2.27369729152843
,13.577389389658528
Size,Box_Count
89,28
88,30
87,31
86,32
85,33
84,36
83,38
82,40
81,40
80,40
79,40
78,41
77,41
76,41
75,42
74,44
73,47
72,47
71,47
70,49
69,51
68,55
67,55
66,56
65,58
64,61
63,64
62,67
61,67
60,68
59,70
58,77
57,78
56,83
55,86
54,89
53,91
52,94
51,94
50,104
49,112
48,118
47,121
46,126
45,133
44,140
43,150
42,157
41,168
40,172
39,180
38,185
37,205
36,224
35,234
34,257
33,263
32,284
31,321
30,333
29,376
28,387
27,423
26,467
25,511
24,580
23,638
22,703
21,798
20,904
19,997
18,1151
17,1336
16,1539
15,1798
14,2134
13,2532
12,3053
11,3747
10,4645
9,5756
8,7357
7,9793
6,13467
5,19562
4,31120
3,58322
2,146313
