Fractal_Dimension,2.21103730868651
Coefficients,-2.21103730868651
,13.667308083282625
Size,Box_Count
101,29
100,30
99,30
98,30
97,30
96,31
95,33
94,34
93,34
92,35
91,37
90,40
89,41
88,43
87,45
86,47
85,48
84,48
83,49
82,51
81,53
80,53
79,56
78,58
77,58
76,61
75,62
74,63
73,64
72,65
71,67
70,68
69,68
68,69
67,75
66,80
65,83
64,90
63,93
62,95
61,100
60,105
59,111
58,115
57,116
56,119
55,121
54,127
53,134
52,141
51,146
50,156
49,162
48,169
47,181
46,185
45,196
44,205
43,219
42,222
41,243
40,247
39,262
38,283
37,301
36,319
35,338
34,351
33,394
32,428
31,456
30,491
29,533
28,575
27,622
26,692
25,765
24,841
23,937
22,1027
21,1158
20,1306
19,1454
18,1614
17,1850
16,2131
15,2413
14,2787
13,3200
12,3793
11,4473
10,5448
9,6625
8,8457
7,10780
6,14703
5,21068
4,32926
3,60238
2,147414
