Fractal_Dimension,2.21680993658083
Coefficients,-2.21680993658083
,12.885282941546512
Size,Box_Count
87,18
86,19
85,19
84,21
83,23
82,24
81,25
80,24
79,24
78,23
77,24
76,25
75,28
74,28
73,29
72,30
71,30
70,32
69,33
68,35
67,35
66,36
65,36
64,39
63,41
62,43
61,43
60,44
59,44
58,47
57,49
56,48
55,51
54,53
53,54
52,56
51,61
50,68
49,71
48,78
47,84
46,87
45,86
44,87
43,93
42,96
41,102
40,111
39,116
38,126
37,135
36,140
35,149
34,161
33,173
32,185
31,195
30,209
29,228
28,245
27,271
26,283
25,315
24,362
23,393
22,434
21,492
20,560
19,631
18,713
17,816
16,955
15,1096
14,1298
13,1536
12,1851
11,2225
10,2734
9,3378
8,4197
7,5458
6,7208
5,10114
4,15357
3,26923
2,61766
