Fractal_Dimension,2.39842761793289
Coefficients,-2.39842761793289
,14.262696700182811
Size,Box_Count
128,15
64,67
32,356
16,2006
8,11861
4,58427
2,279788
