Fractal_Dimension,2.40910375381924
Coefficients,-2.40910375381924
,14.501232653960933
Size,Box_Count
128,16
64,88
32,451
16,2618
8,15109
4,71432
2,334819
