Fractal_Dimension,2.36950540051844
Coefficients,-2.36950540051844
,15.215479980936337
Size,Box_Count
256,8
128,42
64,199
32,1036
16,6014
8,33619
4,152543
2,717431
