Fractal_Dimension,2.28206653687951
Coefficients,-2.28206653687951
,13.625478882199134
Size,Box_Count
128,14
64,60
32,276
16,1467
8,7516
4,34975
2,172090
