Fractal_Dimension,2.34224958504805
Coefficients,-2.34224958504805
,14.932086991998357
Size,Box_Count
256,8
128,34
64,163
32,795
16,4648
8,26836
4,123316
2,578244
