Fractal_Dimension,2.38115331885796
Coefficients,-2.38115331885796
,14.44063222114674
Size,Box_Count
128,18
64,88
32,472
16,2683
8,14946
4,68400
2,329723
