Fractal_Dimension,2.37271439760033
Coefficients,-2.37271439760033
,14.250025132959541
Size,Box_Count
128,16
64,75
32,378
16,2229
8,13112
4,59741
2,264848
