Fractal_Dimension,2.3580665349686
Coefficients,-2.3580665349686
,14.555717639829204
Size,Box_Count
128,25
64,107
32,519
16,3024
8,17642
4,82736
2,386540
