Fractal_Dimension,2.38433815780808
Coefficients,-2.38433815780808
,14.296541792351638
Size,Box_Count
128,16
64,73
32,390
16,2268
8,13193
4,60963
2,278997
