Fractal_Dimension,2.37726424048223
Coefficients,-2.37726424048223
,14.282881963205588
Size,Box_Count
128,18
64,74
32,383
16,2083
8,12004
4,61219
2,309495
