Fractal_Dimension,2.39539401278779
Coefficients,-2.39539401278779
,14.890355954283756
Size,Box_Count
256,5
128,27
64,139
32,663
16,3717
8,22088
4,111439
2,523686
