Fractal_Dimension,2.46671411676389
Coefficients,-2.46671411676389
,15.28330475424978
Size,Box_Count
128,24
64,163
32,858
16,4914
8,28661
4,143007
2,692909
