Fractal_Dimension,2.42076530128665
Coefficients,-2.42076530128665
,14.857883301282634
Size,Box_Count
128,20
64,116
32,665
16,3967
8,22018
4,97490
2,442715
