Fractal_Dimension,2.3580023538962
Coefficients,-2.3580023538962
,14.34341998608739
Size,Box_Count
128,19
64,88
32,436
16,2546
8,14452
4,66592
2,300415
