Fractal_Dimension,1.62209944943544
Coefficients,-1.62209944943544
,12.193047142477727
Size,Box_Count
20,1449
19,1641
18,1813
17,2010
16,2257
15,2524
14,2825
13,3182
12,3583
11,4151
10,4751
9,5550
8,6677
7,8133
6,10369
5,13772
4,19762
3,32792
2,70180
