Fractal_Dimension,1.7849378586322
Coefficients,-1.7849378586322
,12.642570817829263
Size,Box_Count
20,1309
19,1444
18,1646
17,1903
16,2168
15,2512
14,2901
13,3372
12,3903
11,4624
10,5499
9,6637
8,7997
7,9988
6,12794
5,17304
4,24909
3,40701
2,85547
