Fractal_Dimension,1.76426720162043
Coefficients,-1.76426720162043
,13.41534303608769
Size,Box_Count
20,3068
19,3469
18,3953
17,4439
16,5099
15,5867
14,6648
13,7705
12,8776
11,10275
10,12134
9,14248
8,17430
7,21496
6,27827
5,37549
4,55229
3,92320
2,204309
