Fractal_Dimension,1.81120691848538
Coefficients,-1.81120691848538
,13.042078494820105
Size,Box_Count
20,1778
19,2022
18,2301
17,2626
16,3057
15,3481
14,4064
13,4709
12,5503
11,6471
10,7706
9,9205
8,11241
7,13876
6,18040
5,24313
4,35661
3,59287
2,128336
