Fractal_Dimension,1.7830858502842
Coefficients,-1.7830858502842
,12.070962544644143
Size,Box_Count
20,763
19,844
18,950
17,1083
16,1244
15,1422
14,1636
13,1877
12,2163
11,2562
10,3058
9,3690
8,4544
7,5668
6,7202
5,9838
4,14032
3,23280
2,49322
