Fractal_Dimension,1.8403027547289
Coefficients,-1.8403027547289
,13.146962622530399
Size,Box_Count
20,1868
19,2112
18,2406
17,2733
16,3135
15,3565
14,4106
13,4726
12,5605
11,6598
10,7814
9,9420
8,11688
7,14462
6,18970
5,25768
4,38167
3,64351
2,142853
