Fractal_Dimension,1.83243690243337
Coefficients,-1.83243690243337
,13.274502872081898
Size,Box_Count
20,2244
19,2506
18,2844
17,3236
16,3682
15,4169
14,4799
13,5542
12,6421
11,7418
10,8819
9,10619
8,13013
7,16236
6,21242
5,29161
4,43553
3,75303
2,172766
