Fractal_Dimension,1.68683662807755
Coefficients,-1.68683662807755
,12.118945600116511
Size,Box_Count
20,1109
19,1251
18,1371
17,1551
16,1734
15,1975
14,2188
13,2517
12,2890
11,3292
10,3876
9,4518
8,5450
7,6585
6,8565
5,11622
4,16837
3,28171
2,61680
