Fractal_Dimension,1.75912940927076
Coefficients,-1.75912940927076
,12.965074279148725
Size,Box_Count
20,1942
19,2247
18,2530
17,2880
16,3265
15,3761
14,4313
13,5003
12,5724
11,6683
10,7817
9,9228
8,11319
7,14099
6,17995
5,24389
4,35583
3,58905
2,127601
