Fractal_Dimension,1.64394224267967
Coefficients,-1.64394224267967
,12.179425557834215
Size,Box_Count
20,1309
19,1456
18,1617
17,1814
16,2017
15,2297
14,2638
13,2991
12,3441
11,3988
10,4630
9,5471
8,6547
7,8061
6,10144
5,13453
4,19099
3,30498
2,63056
