Fractal_Dimension,1.63528188816308
Coefficients,-1.63528188816308
,12.04293920714022
Size,Box_Count
20,1135
19,1281
18,1409
17,1611
16,1832
15,2061
14,2413
13,2673
12,3141
11,3614
10,4203
9,4866
8,5858
7,7139
6,8957
5,11756
4,16706
3,26840
2,55030
