Fractal_Dimension,1.8157817794848
Coefficients,-1.8157817794848
,11.96177484075797
Size,Box_Count
20,603
19,680
18,761
17,865
16,1001
15,1147
14,1326
13,1547
12,1830
11,2178
10,2614
9,3151
8,3906
7,4858
6,6340
5,8521
4,12090
3,19648
2,40973
