Fractal_Dimension,2.15739591704728
Coefficients,-2.15739591704728
,14.688657804382414
Size,Box_Count
20,3421
19,3916
18,4471
17,5198
16,6036
15,7068
14,8326
13,9900
12,11879
11,14391
10,17493
9,21891
8,27757
7,36461
6,49720
5,72179
4,114999
3,214204
2,539123
