Fractal_Dimension,1.98959928702937
Coefficients,-1.98959928702937
,13.860148434014297
Size,Box_Count
20,2495
19,2858
18,3238
17,3732
16,4291
15,4886
14,5729
13,6656
12,7761
11,9226
10,11113
9,13438
8,16710
7,21522
6,28496
5,40311
4,62880
3,114238
2,280331
