Fractal_Dimension,2.1837033593345
Coefficients,-2.1837033593345
,14.321481951691892
Size,Box_Count
20,2215
19,2537
18,2899
17,3345
16,3866
15,4505
14,5315
13,6364
12,7634
11,9233
10,11444
9,14347
8,18197
7,24100
6,33214
5,48383
4,77250
3,144384
2,362926
