Fractal_Dimension,1.90602241000891
Coefficients,-1.90602241000891
,12.216648983788762
Size,Box_Count
20,659
19,730
18,830
17,911
16,1034
15,1190
14,1328
13,1550
12,1833
11,2136
10,2523
9,3075
8,3763
7,4802
6,6434
5,8893
4,13802
3,24619
2,58864
