Fractal_Dimension,2.0265911238273
Coefficients,-2.0265911238273
,13.458644615158187
Size,Box_Count
20,1626
19,1810
18,2036
17,2304
16,2606
15,2946
14,3443
13,3904
12,4602
11,5361
10,6505
9,7990
8,10003
7,12875
6,17501
5,25358
4,40466
3,75937
2,194013
