Fractal_Dimension,2.11536067594927
Coefficients,-2.11536067594927
,13.841901186537305
Size,Box_Count
20,1746
19,1992
18,2286
17,2560
16,2953
15,3410
14,4021
13,4627
12,5464
11,6548
10,7975
9,9882
8,12552
7,16296
6,22217
5,32436
4,52274
3,99195
2,256863
