Fractal_Dimension,2.40743123009413
Coefficients,-2.40743123009413
,14.523133388816754
Size,Box_Count
20,1479
19,1677
18,1932
17,2182
16,2571
15,2994
14,3554
13,4278
12,5166
11,6376
10,8093
9,10367
8,13638
7,18628
6,26866
5,41414
4,70541
3,142126
2,392793
