Fractal_Dimension,1.69863289437109
Coefficients,-1.69863289437109
,11.83211144359154
Size,Box_Count
20,868
19,928
18,1048
17,1142
16,1267
15,1423
14,1579
13,1741
12,2058
11,2347
10,2718
9,3259
8,3877
7,4749
6,6187
5,8398
4,12464
3,21352
2,48542
