Fractal_Dimension,1.77556361095032
Coefficients,-1.77556361095032
,12.08383441048735
Size,Box_Count
20,889
19,961
18,1084
17,1189
16,1303
15,1492
14,1667
13,1852
12,2173
11,2481
10,2903
9,3507
8,4253
7,5265
6,6913
5,9467
4,14472
3,25336
2,59613
