Fractal_Dimension,2.05255360759198
Coefficients,-2.05255360759198
,13.039093461559258
Size,Box_Count
20,1020
19,1117
18,1264
17,1437
16,1577
15,1815
14,2090
13,2382
12,2804
11,3268
10,3978
9,4893
8,6109
7,7961
6,10910
5,15806
4,25625
3,49080
2,129035
