Fractal_Dimension,2.10893188441256
Coefficients,-2.10893188441256
,13.80577581908269
Size,Box_Count
20,1660
19,1910
18,2182
17,2467
16,2874
15,3318
14,3853
13,4629
12,5548
11,6493
10,8031
9,9959
8,12501
7,16412
6,22377
5,32147
4,50918
3,94442
2,235029
