Fractal_Dimension,2.08645439482126
Coefficients,-2.08645439482126
,13.683036306266326
Size,Box_Count
20,1680
19,1895
18,2124
17,2375
16,2748
15,3194
14,3643
13,4283
12,4920
11,5965
10,7120
9,8784
8,11118
7,14447
6,19760
5,28900
4,46551
3,88411
2,230196
