Fractal_Dimension,2.03380933422462
Coefficients,-2.03380933422462
,13.507853725575073
Size,Box_Count
20,1641
19,1854
18,2087
17,2320
16,2667
15,3106
14,3497
13,4095
12,4722
11,5700
10,6763
9,8280
8,10384
7,13456
6,18198
5,26366
4,41931
3,78523
2,200916
