Fractal_Dimension,1.91246238242135
Coefficients,-1.91246238242135
,13.438155998248277
Size,Box_Count
20,1990
19,2293
18,2595
17,2923
16,3390
15,3924
14,4541
13,5311
12,6319
11,7425
10,8988
9,10835
8,13483
7,17088
6,22418
5,30987
4,46138
3,79202
2,178273
