Fractal_Dimension,1.74858040370816
Coefficients,-1.74858040370816
,12.840804098537726
Size,Box_Count
20,1833
19,2051
18,2337
17,2611
16,2983
15,3391
14,3845
13,4432
12,5142
11,5985
10,7148
9,8316
8,10230
7,12655
6,16208
5,21956
4,31933
3,52816
2,114211
