Fractal_Dimension,2.32981542361428
Coefficients,-2.32981542361428
,15.122429663632412
Size,Box_Count
20,3317
19,3799
18,4336
17,5029
16,5833
15,6796
14,8094
13,9599
12,11621
11,14147
10,17704
9,22207
8,29046
7,39292
6,55350
5,83900
4,141003
3,281107
2,771847
