Fractal_Dimension,2.00291085072278
Coefficients,-2.00291085072278
,13.799148102282599
Size,Box_Count
20,2390
19,2682
18,3026
17,3386
16,3924
15,4473
14,5111
13,5975
12,6918
11,8202
10,9734
9,11886
8,14965
7,19148
6,25897
5,36914
4,58475
3,108321
2,272948
