Fractal_Dimension,2.08127675568411
Coefficients,-2.08127675568411
,13.290219757960697
Size,Box_Count
20,1192
19,1352
18,1508
17,1668
16,1869
15,2125
14,2511
13,2839
12,3315
11,3964
10,4782
9,5885
8,7434
7,9777
6,13321
5,19471
4,31756
3,61110
2,161363
