Fractal_Dimension,2.03413178371591
Coefficients,-2.03413178371591
,13.12525182626584
Size,Box_Count
20,1163
19,1293
18,1469
17,1626
16,1821
15,2072
14,2395
13,2735
12,3161
11,3752
10,4517
9,5558
8,6962
7,9024
6,12207
5,17809
4,28672
3,54609
2,141978
