Fractal_Dimension,2.03780212282788
Coefficients,-2.03780212282788
,13.949192518208338
Size,Box_Count
20,2546
19,2843
18,3227
17,3660
16,4102
15,4728
14,5389
13,6297
12,7308
11,8653
10,10340
9,12639
8,15838
7,20671
6,27921
5,40558
4,64988
3,122453
2,315141
