Fractal_Dimension,2.1589625353871
Coefficients,-2.1589625353871
,14.820744347709052
Size,Box_Count
20,3836
19,4404
18,5059
17,5840
16,6814
15,8011
14,9463
13,11331
12,13555
11,16485
10,20190
9,25194
8,31931
7,41814
6,56948
5,82249
4,130790
3,241923
2,605650
