Fractal_Dimension,1.79292366643283
Coefficients,-1.79292366643283
,13.25292488106143
Size,Box_Count
20,2423
19,2723
18,3109
17,3542
16,4061
15,4591
14,5247
13,6009
12,6947
11,8058
10,9546
9,11240
8,13815
7,17286
6,22254
5,30278
4,44933
3,76874
2,173297
