Fractal_Dimension,1.71141901942622
Coefficients,-1.71141901942622
,12.44282626846727
Size,Box_Count
20,1309
19,1449
18,1652
17,1893
16,2180
15,2509
14,2876
13,3357
12,3869
11,4560
10,5389
9,6454
8,7701
7,9542
6,12177
5,16119
4,22635
3,35866
2,71533
