Fractal_Dimension,1.85023970499609
Coefficients,-1.85023970499609
,13.039142186805885
Size,Box_Count
20,1616
19,1855
18,2120
17,2358
16,2768
15,3193
14,3627
13,4244
12,4879
11,5776
10,6762
9,8272
8,10010
7,12595
6,16307
5,22311
4,33475
3,57699
2,132000
