Fractal_Dimension,1.67454049277769
Coefficients,-1.67454049277769
,12.66882613580719
Size,Box_Count
20,1935
19,2153
18,2365
17,2752
16,3040
15,3506
14,4033
13,4516
12,5213
11,6043
10,7183
9,8208
8,9948
7,12344
6,15501
5,20665
4,29709
3,48293
2,101859
