Fractal_Dimension,2.39042286200124
Coefficients,-2.39042286200124
,14.746165598602998
Size,Box_Count
20,1966
19,2229
18,2536
17,2937
16,3397
15,3959
14,4661
13,5582
12,6742
11,8224
10,10308
9,13133
8,17386
7,23713
6,34056
5,52560
4,90065
3,183077
2,513386
