Fractal_Dimension,2.23121685501725
Coefficients,-2.23121685501725
,14.276741345955541
Size,Box_Count
20,1868
19,2120
18,2456
17,2818
16,3241
15,3795
14,4552
13,5355
12,6480
11,7845
10,9631
9,12131
8,15620
7,20668
6,28656
5,42391
4,69156
3,132583
2,345304
