Fractal_Dimension,1.76911068140775
Coefficients,-1.76911068140775
,12.206359102137045
Size,Box_Count
20,914
19,1001
18,1160
17,1292
16,1473
15,1708
14,1951
13,2209
12,2617
11,3103
10,3626
9,4382
8,5231
7,6381
6,8259
5,11177
4,16346
3,27308
2,59359
