Fractal_Dimension,2.22879634031443
Coefficients,-2.22879634031443
,13.449053263269564
Size,Box_Count
20,840
19,950
18,1087
17,1242
16,1435
15,1673
14,1958
13,2334
12,2802
11,3404
10,4180
9,5256
8,6822
7,9134
6,12713
5,18806
4,30671
3,58441
2,150227
