Fractal_Dimension,1.80118559738294
Coefficients,-1.80118559738294
,12.731072423043123
Size,Box_Count
20,1494
19,1650
18,1845
17,2079
16,2313
15,2654
14,3006
13,3462
12,3967
11,4542
10,5379
9,6410
8,7823
7,9909
6,12858
5,17675
4,26508
3,46165
2,106380
