Fractal_Dimension,2.15913672933103
Coefficients,-2.15913672933103
,14.489094997969278
Size,Box_Count
20,2942
19,3307
18,3763
17,4330
16,4954
15,5819
14,6764
13,7980
12,9446
11,11412
10,13915
9,17219
8,21716
7,28728
6,39447
5,58050
4,93888
3,180085
2,470749
