Fractal_Dimension,2.40896717385733
Coefficients,-2.40896717385733
,14.73132872068851
Size,Box_Count
20,1784
19,2029
18,2295
17,2681
16,3109
15,3672
14,4347
13,5211
12,6392
11,7943
10,10082
9,12947
8,17095
7,23515
6,33588
5,51337
4,86760
3,172379
2,465618
