Fractal_Dimension,1.97653692146409
Coefficients,-1.97653692146409
,13.596592600657281
Size,Box_Count
20,1967
19,2219
18,2548
17,2932
16,3366
15,3870
14,4528
13,5328
12,6298
11,7422
10,8899
9,10780
8,13508
7,17228
6,23026
5,32066
4,49306
3,87903
2,208174
