Fractal_Dimension,2.16549878779733
Coefficients,-2.16549878779733
,14.004261505757256
Size,Box_Count
20,1728
19,1964
18,2269
17,2561
16,2951
15,3446
14,4053
13,4830
12,5797
11,7001
10,8568
9,10818
8,13756
7,17948
6,24741
5,36140
4,57783
3,107817
2,272043
