Fractal_Dimension,1.91441072965506
Coefficients,-1.91441072965506
,12.398931795338884
Size,Box_Count
20,737
19,846
18,932
17,1051
16,1217
15,1400
14,1572
13,1838
12,2168
11,2562
10,3040
9,3714
8,4571
7,5801
6,7691
5,10702
4,16231
3,28729
2,67502
