Fractal_Dimension,2.06538490968758
Coefficients,-2.06538490968758
,13.604571260252516
Size,Box_Count
20,1486
19,1698
18,1935
17,2235
16,2601
15,3015
14,3554
13,4282
12,5113
11,6159
10,7564
9,9377
8,11823
7,15128
6,20158
5,28630
4,44136
3,78326
2,185697
