Fractal_Dimension,2.1270612548261
Coefficients,-2.1270612548261
,14.035051732589716
Size,Box_Count
20,2063
19,2340
18,2653
17,2996
16,3484
15,4021
14,4618
13,5454
12,6440
11,7738
10,9372
9,11695
8,14846
7,19450
6,26664
5,39092
4,62818
3,118599
2,304454
