Fractal_Dimension,2.26300445665033
Coefficients,-2.26300445665033
,14.47837645185266
Size,Box_Count
20,2151
19,2463
18,2803
17,3187
16,3723
15,4322
14,5008
13,5940
12,7091
11,8665
10,10611
9,13461
8,17483
7,23330
6,32660
5,49171
4,81427
3,159753
2,429435
