Fractal_Dimension,2.11749091485671
Coefficients,-2.11749091485671
,13.774178850697611
Size,Box_Count
20,1602
19,1803
18,2069
17,2341
16,2692
15,3117
14,3649
13,4338
12,5136
11,6209
10,7564
9,9423
8,12061
7,15731
6,21494
5,31039
4,49134
3,90613
2,223808
