Fractal_Dimension,2.22788610415947
Coefficients,-2.22788610415947
,14.565865746502524
Size,Box_Count
20,2500
19,2844
18,3245
17,3765
16,4360
15,5147
14,6073
13,7262
12,8779
11,10660
10,13217
9,16425
8,21242
7,27960
6,38566
5,56896
4,92372
3,176185
2,457844
