Fractal_Dimension,1.53453706667064
Coefficients,-1.53453706667064
,11.624837895780782
Size,Box_Count
20,1066
19,1160
18,1301
17,1442
16,1625
15,1754
14,2032
13,2237
12,2569
11,2937
10,3336
9,3918
8,4648
7,5648
6,6988
5,9057
4,12804
3,20264
2,40069
