Fractal_Dimension,2.07137728926731
Coefficients,-2.07137728926731
,13.825505920531809
Size,Box_Count
20,1897
19,2169
18,2458
17,2786
16,3220
15,3756
14,4360
13,5162
12,6122
11,7398
10,8875
9,11111
8,14064
7,18043
6,24553
5,35129
4,54935
3,99633
2,242511
