Fractal_Dimension,2.16140874694087
Coefficients,-2.16140874694087
,13.516489549123648
Size,Box_Count
20,1078
19,1244
18,1367
17,1580
16,1838
15,2170
14,2515
13,2984
12,3602
11,4335
10,5363
9,6665
8,8497
7,11112
6,15262
5,22368
4,35683
3,66607
2,167357
