Fractal_Dimension,2.28045327638162
Coefficients,-2.28045327638162
,14.832791824432036
Size,Box_Count
20,2876
19,3243
18,3711
17,4246
16,4958
15,5829
14,6870
13,8202
12,9849
11,12062
10,14954
9,19013
8,24470
7,32711
6,45604
5,68030
4,112317
3,219661
2,589742
