Fractal_Dimension,2.3314697099594
Coefficients,-2.3314697099594
,14.479935875895043
Size,Box_Count
20,1720
19,1949
18,2242
17,2583
16,2997
15,3536
14,4176
13,4996
12,6070
11,7457
10,9424
9,11968
8,15647
7,21302
6,30072
5,45546
4,75203
3,145111
2,378255
