Fractal_Dimension,2.28137756569951
Coefficients,-2.28137756569951
,14.535765228885516
Size,Box_Count
20,2089
19,2364
18,2716
17,3131
16,3660
15,4286
14,5078
13,6064
12,7368
11,9091
10,11265
9,14204
8,18463
7,24683
6,34352
5,51101
4,83946
3,161249
2,422369
