Fractal_Dimension,1.75048778495563
Coefficients,-1.75048778495563
,12.79374498394789
Size,Box_Count
20,1899
19,2066
18,2279
17,2574
16,2884
15,3209
14,3622
13,4146
12,4746
11,5445
10,6456
9,7637
8,9136
7,11355
6,14818
5,20221
4,30398
3,52349
2,120134
