Fractal_Dimension,2.14374785851298
Coefficients,-2.14374785851298
,14.015742293232345
Size,Box_Count
20,1866
19,2116
18,2404
17,2780
16,3227
15,3761
14,4436
13,5217
12,6136
11,7500
10,9115
9,11298
8,14250
7,18747
6,25528
5,37310
4,59635
3,112223
2,288548
