Fractal_Dimension,2.02217752071755
Coefficients,-2.02217752071755
,14.241152973691255
Size,Box_Count
20,3305
19,3747
18,4250
17,4872
16,5647
15,6478
14,7658
13,8966
12,10589
11,12677
10,15330
9,18697
8,23416
7,29905
6,40100
5,56855
4,88254
3,159386
2,386151
