Fractal_Dimension,1.86530869746955
Coefficients,-1.86530869746955
,13.013527546385548
Size,Box_Count
20,1513
19,1717
18,1941
17,2213
16,2553
15,2905
14,3356
13,3943
12,4584
11,5402
10,6468
9,7812
8,9821
7,12157
6,15976
5,21809
4,32434
3,54632
2,120847
