Fractal_Dimension,1.66092921031557
Coefficients,-1.66092921031557
,12.757514277650463
Size,Box_Count
20,2218
19,2490
18,2769
17,3098
16,3537
15,3979
14,4461
13,5141
12,5852
11,6789
10,7917
9,9212
8,10981
7,13560
6,17193
5,23089
4,33087
3,54215
2,114783
