Fractal_Dimension,1.7706001990291
Coefficients,-1.7706001990291
,12.788875982594519
Size,Box_Count
20,1669
19,1841
18,2098
17,2345
16,2659
15,3005
14,3452
13,4023
12,4575
11,5383
10,6289
9,7545
8,9135
7,11381
6,14653
5,19885
4,29364
3,49495
2,109178
