Fractal_Dimension,2.32648153724078
Coefficients,-2.32648153724078
,14.377274285404345
Size,Box_Count
20,1566
19,1763
18,2035
17,2376
16,2727
15,3205
14,3820
13,4621
12,5602
11,6890
10,8678
9,11072
8,14409
7,19403
6,27279
5,40785
4,67542
3,131006
2,344981
