Fractal_Dimension,2.1588612083913
Coefficients,-2.1588612083913
,14.22080698505467
Size,Box_Count
20,2214
19,2514
18,2883
17,3343
16,3839
15,4390
14,5195
13,6138
12,7252
11,8741
10,10671
9,13140
8,16811
7,22006
6,30095
5,44303
4,71862
3,137249
2,359370
