Fractal_Dimension,2.19796751617232
Coefficients,-2.19796751617232
,14.16921971520476
Size,Box_Count
20,1932
19,2163
18,2431
17,2793
16,3276
15,3775
14,4430
13,5215
12,6199
11,7457
10,9208
9,11407
8,14677
7,19268
6,26746
5,39829
4,64848
3,125341
2,333102
