Fractal_Dimension,1.91407163963989
Coefficients,-1.91407163963989
,13.022801126986264
Size,Box_Count
20,1438
19,1576
18,1786
17,1999
16,2274
15,2594
14,2977
13,3426
12,3998
11,4720
10,5662
9,6711
8,8311
7,10548
6,14061
5,19764
4,30365
3,54419
2,131464
