Fractal_Dimension,2.29567172926528
Coefficients,-2.29567172926528
,14.267883541486652
Size,Box_Count
20,1602
19,1840
18,2078
17,2391
16,2747
15,3165
14,3718
13,4409
12,5316
11,6435
10,7943
9,10045
8,13063
7,17570
6,24853
5,37488
4,62970
3,125756
2,346648
