Fractal_Dimension,1.6532236806704
Coefficients,-1.6532236806704
,12.97301171686795
Size,Box_Count
20,2605
19,2916
18,3318
17,3812
16,4315
15,5017
14,5760
13,6619
12,7700
11,9012
10,10444
9,12369
8,14894
7,18222
6,22779
5,29782
4,41506
3,64829
2,127324
