Fractal_Dimension,2.18466031067987
Coefficients,-2.18466031067987
,13.985255934539394
Size,Box_Count
20,1621
19,1837
18,2062
17,2370
16,2788
15,3208
14,3750
13,4486
12,5398
11,6588
10,8057
9,10082
8,12948
7,17093
6,23531
5,34528
4,55327
3,103744
2,262088
