Fractal_Dimension,1.86594943811797
Coefficients,-1.86594943811797
,13.021342224367709
Size,Box_Count
20,1533
19,1718
18,1939
17,2197
16,2544
15,2907
14,3379
13,3963
12,4623
11,5490
10,6583
9,8037
8,9755
7,12404
6,16115
5,22009
4,32489
3,54902
2,120659
