Fractal_Dimension,2.04139504196995
Coefficients,-2.04139504196995
,13.693224936975916
Size,Box_Count
20,1864
19,2103
18,2374
17,2689
16,3109
15,3620
14,4146
13,4846
12,5724
11,6884
10,8262
9,10170
8,12692
7,16515
6,22142
5,31780
4,49967
3,91749
2,226410
