Fractal_Dimension,1.6844332939691
Coefficients,-1.6844332939691
,12.648006605776613
Size,Box_Count
20,1815
19,2002
18,2299
17,2601
16,2929
15,3376
14,3779
13,4334
12,5045
11,5802
10,6779
9,7977
8,9551
7,11852
6,15002
5,20009
4,28623
3,46704
2,98377
