Fractal_Dimension,1.92508785611655
Coefficients,-1.92508785611655
,13.386948788291374
Size,Box_Count
20,1889
19,2114
18,2429
17,2768
16,3156
15,3660
14,4175
13,4920
12,5731
11,6763
10,8016
9,9765
8,12007
7,15266
6,20109
5,28160
4,42855
3,75878
2,179600
