Fractal_Dimension,2.15498595627197
Coefficients,-2.15498595627197
,13.677395633468741
Size,Box_Count
20,1337
19,1514
18,1735
17,1942
16,2234
15,2598
14,3014
13,3577
12,4164
11,5058
10,6186
9,7646
8,9729
7,12704
6,17590
5,25864
4,42115
3,80952
2,212487
