Fractal_Dimension,2.04923333598185
Coefficients,-2.04923333598185
,13.427707527667883
Size,Box_Count
20,1392
19,1586
18,1806
17,2020
16,2357
15,2679
14,3089
13,3641
12,4340
11,5171
10,6153
9,7671
8,9539
7,12371
6,16808
5,23949
4,37885
3,69934
2,173898
