Fractal_Dimension,2.42532986527098
Coefficients,-2.42532986527098
,14.728718628728428
Size,Box_Count
20,1725
19,1930
18,2227
17,2553
16,2952
15,3480
14,4137
13,5011
12,6118
11,7590
10,9551
9,12411
8,16364
7,22552
6,32340
5,49537
4,84179
3,169689
2,468031
