Fractal_Dimension,2.21914210389784
Coefficients,-2.21914210389784
,14.487361539716735
Size,Box_Count
20,2373
19,2703
18,3089
17,3561
16,4126
15,4860
14,5715
13,6788
12,8174
11,10042
10,12329
9,15586
8,20064
7,26721
6,36826
5,54318
4,87455
3,164236
2,414403
