Fractal_Dimension,1.67673453025705
Coefficients,-1.67673453025705
,11.800971547032763
Size,Box_Count
20,753
19,832
18,967
17,1088
16,1255
15,1434
14,1662
13,1934
12,2248
11,2610
10,3103
9,3665
8,4451
7,5466
6,6972
5,8916
4,12478
3,19549
2,37646
