Fractal_Dimension,2.2879579560598
Coefficients,-2.2879579560598
,14.005676552224783
Size,Box_Count
20,1276
19,1421
18,1608
17,1862
16,2120
15,2469
14,2925
13,3465
12,4146
11,5076
10,6277
9,7978
8,10370
7,13987
6,19661
5,29729
4,49473
3,96694
2,258370
