Fractal_Dimension,2.46559366360686
Coefficients,-2.46559366360686
,15.313422952946388
Size,Box_Count
20,2721
19,3093
18,3538
17,4108
16,4800
15,5667
14,6709
13,8089
12,9889
11,12315
10,15584
9,20103
8,26808
7,37079
6,53921
5,83873
4,144112
3,293165
2,814140
