Fractal_Dimension,2.08248448510825
Coefficients,-2.08248448510825
,13.794378257996065
Size,Box_Count
20,1942
19,2209
18,2453
17,2786
16,3118
15,3539
14,4048
13,4712
12,5515
11,6585
10,7880
9,9805
8,12315
7,16127
6,22065
5,32408
4,52704
3,100732
2,263663
