Fractal_Dimension,1.60248274020834
Coefficients,-1.60248274020834
,12.124168364496509
Size,Box_Count
20,1343
19,1501
18,1700
17,1923
16,2160
15,2456
14,2822
13,3210
12,3640
11,4228
10,4918
9,5790
8,6820
7,8291
6,10384
5,13579
4,19107
3,30135
2,59712
