Fractal_Dimension,2.02473491210066
Coefficients,-2.02473491210066
,14.241789303185339
Size,Box_Count
20,3339
19,3801
18,4318
17,4918
16,5652
15,6515
14,7499
13,8757
12,10377
11,12342
10,14818
9,18342
8,22913
7,29676
6,39793
5,56817
4,88725
3,160854
2,392145
