Fractal_Dimension,1.78243053411015
Coefficients,-1.78243053411015
,12.628989960971083
Size,Box_Count
20,1360
19,1532
18,1702
17,1920
16,2176
15,2476
14,2861
13,3275
12,3770
11,4473
10,5259
9,6301
8,7709
7,9642
6,12374
5,16804
4,24790
3,41347
2,89963
