Fractal_Dimension,1.51675143688879
Coefficients,-1.51675143688879
,11.66798701986836
Size,Box_Count
20,1171
19,1300
18,1436
17,1583
16,1747
15,1964
14,2179
13,2481
12,2789
11,3182
10,3690
9,4215
8,4962
7,6047
6,7529
5,9853
4,13561
3,21555
2,42811
