Fractal_Dimension,2.1519552077578
Coefficients,-2.1519552077578
,14.719070175597532
Size,Box_Count
20,3725
19,4264
18,4810
17,5521
16,6365
15,7420
14,8641
13,10123
12,12057
11,14637
10,17892
9,22185
8,28297
7,37235
6,51158
5,74857
4,120308
3,226557
2,577817
