Fractal_Dimension,2.03475561137717
Coefficients,-2.03475561137717
,14.022747752767625
Size,Box_Count
20,2620
19,2984
18,3398
17,3877
16,4396
15,5112
14,5905
13,6853
12,8143
11,9625
10,11636
9,14272
8,17827
7,23069
6,31023
5,44385
4,69820
3,128700
2,320730
