Fractal_Dimension,2.23877632518451
Coefficients,-2.23877632518451
,14.729448333484495
Size,Box_Count
20,2871
19,3306
18,3757
17,4359
16,5005
15,5882
14,6950
13,8308
12,9896
11,12037
10,14869
9,18616
8,24153
7,31918
6,44552
5,66184
4,108023
3,207248
2,539846
