Fractal_Dimension,2.02068275734527
Coefficients,-2.02068275734527
,14.154151868543241
Size,Box_Count
20,3161
19,3511
18,4021
17,4519
16,5203
15,5970
14,6990
13,8105
12,9512
11,11366
10,13704
9,16893
8,21135
7,27623
6,36920
5,52625
4,81953
3,148135
2,358371
