Fractal_Dimension,2.15020144801785
Coefficients,-2.15020144801785
,12.97387786452458
Size,Box_Count
20,644
19,731
18,833
17,948
16,1107
15,1279
14,1515
13,1746
12,2129
11,2568
10,3174
9,4016
8,5155
7,6743
6,9348
5,13480
4,21368
3,38868
2,94095
