Fractal_Dimension,2.29734002236713
Coefficients,-2.29734002236713
,15.36180346297778
Size,Box_Count
20,4417
18,5801
16,7839
14,10977
12,16280
10,25469
8,42895
6,80951
4,192207
2,879705
