Fractal_Dimension,2.32743919474565
Coefficients,-2.32743919474565
,14.63086326321602
Size,Box_Count
20,1919
18,2524
16,3453
14,4906
12,7295
10,11555
8,19711
6,37509
4,88917
2,406986
