Fractal_Dimension,2.41470031725583
Coefficients,-2.41470031725583
,14.941337255099915
Size,Box_Count
20,2032
18,2692
16,3664
14,5253
12,7920
10,12781
8,22516
6,44685
4,109946
2,511782
