Fractal_Dimension,2.39767230413417
Coefficients,-2.39767230413417
,13.748409828479586
Size,Box_Count
20,670
18,875
16,1189
14,1661
12,2461
10,3908
8,6813
6,13716
4,34243
2,162507
