Fractal_Dimension,2.35183663248452
Coefficients,-2.35183663248452
,12.829007824900222
Size,Box_Count
20,308
18,398
16,526
14,764
12,1100
10,1719
8,2967
6,5979
4,14767
2,66226
