Fractal_Dimension,2.35984848717507
Coefficients,-2.35984848717507
,14.465779685714645
Size,Box_Count
20,1514
18,1979
16,2667
14,3770
12,5649
10,8956
8,15482
6,29830
4,72205
2,342070
