Fractal_Dimension,2.33407846586982
Coefficients,-2.33407846586982
,13.37771448961735
Size,Box_Count
20,570
18,736
16,982
14,1357
12,1996
10,3111
8,5256
6,10272
4,25224
2,122115
