Fractal_Dimension,2.45882536457292
Coefficients,-2.45882536457292
,14.822088843320293
Size,Box_Count
20,1661
18,2165
16,2925
14,4125
12,6158
10,9810
8,17448
6,35582
4,92325
2,460913
