Fractal_Dimension,2.4075449666568
Coefficients,-2.4075449666568
,13.901580506824274
Size,Box_Count
20,763
18,985
16,1331
14,1873
12,2772
10,4493
8,7879
6,15934
4,39870
2,184498
