Fractal_Dimension,2.42934103730803
Coefficients,-2.42934103730803
,14.045611858752405
Size,Box_Count
20,852
18,1087
16,1446
14,2039
12,3030
10,4855
8,8453
6,17240
4,44001
2,218511
