Fractal_Dimension,2.39889027213821
Coefficients,-2.39889027213821
,14.80842217445552
Size,Box_Count
20,1936
18,2510
16,3372
14,4753
12,7102
10,11353
8,19778
6,39659
4,98598
2,465920
