Fractal_Dimension,2.37412484543507
Coefficients,-2.37412484543507
,14.303841361194216
Size,Box_Count
20,1254
18,1623
16,2197
14,3083
12,4624
10,7302
8,12514
6,24458
4,60248
2,292840
