Fractal_Dimension,2.41437427740979
Coefficients,-2.41437427740979
,14.945192594064059
Size,Box_Count
20,2110
18,2749
16,3717
14,5208
12,7830
10,12519
8,22088
6,44516
4,111439
2,523686
