Fractal_Dimension,2.38827700363574
Coefficients,-2.38827700363574
,14.417118053630835
Size,Box_Count
20,1357
18,1738
16,2348
14,3281
12,4872
10,7847
8,13773
6,27870
4,69013
2,310417
