Fractal_Dimension,2.40365998812223
Coefficients,-2.40365998812223
,14.350537983421983
Size,Box_Count
20,1187
18,1560
16,2104
14,2948
12,4438
10,7166
8,12661
6,25220
4,62359
2,287536
