Fractal_Dimension,2.33671754838173
Coefficients,-2.33671754838173
,13.716630290352713
Size,Box_Count
20,782
18,1015
16,1347
14,1887
12,2789
10,4406
8,7511
6,14680
4,35593
2,165936
