Fractal_Dimension,2.27868513600349
Coefficients,-2.27868513600349
,15.015812731696045
Size,Box_Count
20,3315
18,4369
16,5837
14,8182
12,12010
10,18715
8,31407
6,58957
4,139001
2,636002
