Fractal_Dimension,2.37125073905992
Coefficients,-2.37125073905992
,14.95027335270252
Size,Box_Count
256,8
128,30
64,138
32,694
16,3935
8,23525
4,126053
2,655630
