Fractal_Dimension,2.45663706148526
Coefficients,-2.45663706148526
,15.33869728766798
Size,Box_Count
256,7
128,28
64,148
32,801
16,4793
8,30097
4,165722
2,840736
