Fractal_Dimension,2.48999714939905
Coefficients,-2.48999714939905
,15.369805233962024
Size,Box_Count
128,24
64,161
32,847
16,4894
8,29726
4,152093
2,754282
