Fractal_Dimension,2.44817366804755
Coefficients,-2.44817366804755
,15.201585781590735
Size,Box_Count
128,30
64,152
32,756
16,4184
8,25341
4,138596
2,747889
