Fractal_Dimension,2.33414629579874
Coefficients,-2.33414629579874
,14.003578605048888
Size,Box_Count
128,17
64,74
32,323
16,1637
8,9099
4,49299
2,264746
