Fractal_Dimension,2.32840874718591
Coefficients,-2.32840874718591
,14.708493766850667
Size,Box_Count
256,8
128,29
64,135
32,621
16,3368
8,19612
4,103986
2,554125
