Fractal_Dimension,2.38457958573175
Coefficients,-2.38457958573175
,14.505690712003693
Size,Box_Count
128,22
64,98
32,432
16,2390
8,14329
4,78956
2,396113
