Fractal_Dimension,2.47600002283306
Coefficients,-2.47600002283306
,15.450565471425683
Size,Box_Count
256,7
128,30
64,160
32,811
16,4748
8,29758
4,178643
2,1024925
