Fractal_Dimension,2.46638709854818
Coefficients,-2.46638709854818
,15.227478252079317
Size,Box_Count
128,29
64,141
32,721
16,4083
8,24876
4,139815
2,761764
