Fractal_Dimension,2.41807512299976
Coefficients,-2.41807512299976
,15.55861667626595
Size,Box_Count
256,10
128,41
64,223
32,1220
16,7280
8,41962
4,204841
2,1017290
