control_count,control_median,pah_count,pah_median,Wilcoxon p value
37,2.368658607733749,42,2.357423621848217,0.049918910863307984
37,2.2335192995670896,42,2.1876638039592526,0.0001415824473551206
