Fractal_Dimension,2.25534532570531
Coefficients,-2.25534532570531
,14.534518392991057
Size,Box_Count
256,8
128,35
64,164
32,811
16,4330
8,18846
4,84606
2,443201
