Fractal_Dimension,2.29021063427517
Coefficients,-2.29021063427517
,14.730209832879927
Size,Box_Count
256,8
128,38
64,171
32,840
16,4539
8,21549
4,99975
2,535017
