Fractal_Dimension,2.38055652898619
Coefficients,-2.38055652898619
,15.241224376729667
Size,Box_Count
256,8
128,43
64,195
32,989
16,5690
8,29784
4,150782
2,843183
