Fractal_Dimension,2.28952044862416
Coefficients,-2.28952044862416
,14.104710064143225
Size,Box_Count
128,22
64,91
32,455
16,2356
8,11424
4,53901
2,288481
