Fractal_Dimension,2.30679638177858
Coefficients,-2.30679638177858
,14.388310153316668
Size,Box_Count
256,6
128,26
64,108
32,495
16,2584
8,14249
4,75300
2,423787
