Fractal_Dimension,2.23585501664595
Coefficients,-2.23585501664595
,14.333802081050933
Size,Box_Count
256,8
128,32
64,137
32,657
16,3477
8,16427
4,73696
2,383581
