Fractal_Dimension,2.25305220658607
Coefficients,-2.25305220658607
,14.05531236197478
Size,Box_Count
256,6
128,23
64,97
32,428
16,2200
8,11319
4,57598
2,317627
