Fractal_Dimension,2.26818484343423
Coefficients,-2.26818484343423
,13.993642163044237
Size,Box_Count
128,18
64,94
32,483
16,2543
8,11499
4,48029
2,230944
