Fractal_Dimension,2.14719775048003
Coefficients,-2.14719775048003
,13.4162934712082
Size,Box_Count
128,20
64,89
32,386
16,1836
8,7648
4,32161
2,157113
