Fractal_Dimension,2.13695493605614
Coefficients,-2.13695493605614
,13.594496438230216
Size,Box_Count
256,6
128,23
64,118
32,502
16,2121
8,8833
4,38781
2,199542
