Fractal_Dimension,2.3011182533719
Coefficients,-2.3011182533719
,14.184703117477913
Size,Box_Count
128,20
64,101
32,491
16,2608
8,12406
4,56987
2,291382
