Fractal_Dimension,1.75693817518022
Coefficients,-1.75693817518022
,12.572978485041396
Size,Box_Count
20,1476
19,1654
18,1822
17,2005
16,2258
15,2540
14,2885
13,3254
12,3799
11,4243
10,5002
9,5936
8,7252
7,9056
6,11777
5,16132
4,24210
3,41845
2,95654
